language,data,candidate,relevance,text,input_type,prompt
fa,0,"['image.2726.jpg', 'image.2734.jpg', 'image.2730.jpg', 'image.2733.jpg', 'image.2727.jpg', 'image.2729.jpg', 'image.2731.jpg', 'image.2728.jpg', 'image.2732.jpg', 'image.2735.jpg']","[0.28396244155355227, 0.2838217909893329, 0.24546950250369134, 0.24333915532985362, 0.24252142506828572, 0.24119491563571185, 0.23285827054707378, 0.23266057111797867, 0.21873757226029994, 0.21533435100256385]",فلز برنج,target phrase,<>
fa,1,"['image.921.jpg', 'image.2743.jpg', 'image.2740.jpg', 'image.2737.png', 'image.2744.jpg', 'image.2736.jpg', 'image.2741.jpg', 'image.2738.jpg', 'image.2742.jpg', 'image.2739.jpg']","[0.25805517715601023, 0.23134744236931087, 0.22466695767810943, 0.2225841088132211, 0.21615558806208857, 0.2161413566808748, 0.2159510446837863, 0.2134163782749092, 0.21115706979078233, 0.2110941702543965]",ملخ بادی,target phrase,<>
fa,2,"['image.2750.jpg', 'image.2748.jpg', 'image.2751.png', 'image.2746.jpg', 'image.2752.jpg', 'image.2754.jpg', 'image.2747.jpg', 'image.2745.jpg', 'image.2749.jpg', 'image.2753.jpg']","[0.25792816577859634, 0.2563123933084166, 0.24047866438206097, 0.2328344559498696, 0.23234680807220365, 0.23069873773902427, 0.22924419129339996, 0.22480770759097743, 0.22193867490128757, 0.21627711296195845]",سرزمین شام,target phrase,<>
fa,3,"['image.2757.jpg', 'image.2760.jpg', 'image.2759.jpg', 'image.2756.jpg', 'image.2300.jpg', 'image.95.jpg', 'image.2755.jpg', 'image.2762.jpg', 'image.2761.jpg', 'image.2758.jpg']","[0.25739493437362565, 0.24272186357993156, 0.23710933437626053, 0.23212578253226374, 0.22844789261820156, 0.21074842412526715, 0.20343142627984975, 0.19924759484414076, 0.19225793482481687, 0.18558662092602518]",عدسی نور,target phrase,<>
fa,4,"['image.2772.jpg', 'image.2765.jpg', 'image.2768.jpg', 'image.2767.jpg', 'image.2770.jpg', 'image.2769.jpg', 'image.2764.jpg', 'image.2763.jpg', 'image.2766.jpg', 'image.2771.png']","[0.25482580889733764, 0.2505836468290232, 0.24580977927989436, 0.2304671860158518, 0.21594337992840912, 0.21117018037413796, 0.21110376492799426, 0.21109184352885202, 0.210795249075144, 0.19705916554956854]",توپ نظامی,target phrase,<>
fa,5,"['image.2780.jpg', 'image.2781.jpg', 'image.2774.jpg', 'image.2777.jpg', 'image.2779.jpg', 'image.2776.jpg', 'image.2778.png', 'image.2782.png', 'image.2775.jpg', 'image.2773.png']","[0.2853245634726181, 0.27271961649103293, 0.26077573469030907, 0.2574682165881225, 0.2420269417451552, 0.22693492288398048, 0.22300718465695654, 0.22287923199411203, 0.2224258264816397, 0.2121182774648941]",پیوند شاخه,target phrase,<>
fa,6,"['image.2786.png', 'image.2784.jpg', 'image.2790.png', 'image.2792.jpg', 'image.2785.jpg', 'image.2789.jpg', 'image.2788.png', 'image.2791.jpg', 'image.2783.png', 'image.2787.jpg']","[0.2771450595262497, 0.26462485351134424, 0.26074308249065187, 0.2607287323028763, 0.2205636492405273, 0.21204685323123737, 0.20043013352213454, 0.19786077949467384, 0.19206561809198042, 0.1835475125662154]",دسته لیوان,target phrase,<>
fa,7,"['image.2797.png', 'image.2794.jpg', 'image.2800.jpg', 'image.2799.jpg', 'image.2802.jpg', 'image.2801.png', 'image.2798.jpg', 'image.2796.jpg', 'image.2793.jpg', 'image.2795.jpg']","[0.2715414416571609, 0.2480200389901044, 0.2417236919303958, 0.23743450923265597, 0.2292065929411837, 0.22916531790974823, 0.22674463592780822, 0.22221019301071065, 0.21460166429066727, 0.2090973283243868]",چنگ پلنگ,target phrase,<>
fa,8,"['image.2805.jpg', 'image.2812.jpg', 'image.2804.jpg', 'image.2810.jpg', 'image.2806.jpg', 'image.2803.jpg', 'image.2811.jpg', 'image.2807.jpg', 'image.2808.jpg', 'image.2809.jpg']","[0.25133435500292967, 0.24485177493950827, 0.2420896222688577, 0.24201764940713164, 0.23597518270327794, 0.23544684352026365, 0.22858868679964855, 0.22552180905303962, 0.2228727486154328, 0.21593027186005131]",سرطان برج جوزا,target phrase,<>
fa,9,"['image.2813.jpg', 'image.2819.jpg', 'image.2815.jpg', 'image.2820.jpg', 'image.2816.jpg', 'image.2817.jpg', 'image.2822.jpg', 'image.2821.jpg', 'image.2814.png', 'image.2818.jpg']","[0.30750855856129217, 0.28935140382308056, 0.28055839967921836, 0.27265975098171924, 0.26364118020401367, 0.25743460992251355, 0.25733666373691516, 0.2566859459551976, 0.19616443612549522, 0.1720341678963234]",عاج فیل,target phrase,<>
fa,10,"['image.2828.jpg', 'image.2824.jpg', 'image.2825.png', 'image.2831.jpg', 'image.2827.jpg', 'image.628.jpg', 'image.2830.jpg', 'image.2826.jpg', 'image.2829.jpg', 'image.2823.jpg']","[0.2389163187029168, 0.23822536098602395, 0.23603937553125645, 0.2338626744554215, 0.22972301277164697, 0.22205347969333986, 0.22157547237403816, 0.22124660699388402, 0.21803840971762173, 0.21231405639838102]",جام گیلاس,target phrase,<>
fa,11,"['image.2833.png', 'image.2838.jpg', 'image.2834.jpg', 'image.2837.jpg', 'image.2839.jpg', 'image.2840.png', 'image.2835.jpg', 'image.2832.jpg', 'image.2836.jpg', 'image.2841.jpg']","[0.2701923647291893, 0.2526464574834488, 0.24617528558393004, 0.23323260030032397, 0.2212061073710906, 0.21962630909741074, 0.2137718709433817, 0.20755507255888855, 0.20749067120682255, 0.19590039976690635]",جدول اعداد,target phrase,<>
fa,12,"['image.2848.jpg', 'image.2851.jpg', 'image.2842.jpg', 'image.2849.jpg', 'image.2847.jpg', 'image.2844.jpg', 'image.2846.jpg', 'image.2845.jpg', 'image.2850.jpg', 'image.2843.jpg']","[0.24262647121332223, 0.23894927052192072, 0.23887210068489495, 0.23823410104467355, 0.23807246811473481, 0.23394148868893233, 0.22610671952409775, 0.22609346819935072, 0.22514326701851287, 0.21635096835883647]",رکاب زین,target phrase,<>
fa,13,"['image.2852.jpg', 'image.2859.jpg', 'image.2854.png', 'image.2860.jpg', 'image.2853.jpg', 'image.2857.jpg', 'image.2855.jpg', 'image.2856.jpg', 'image.2861.jpg', 'image.2858.jpg']","[0.25637367495716434, 0.24741653027288407, 0.24731709548171082, 0.24598530563431809, 0.2341911583940641, 0.23086437406019442, 0.22413186803368945, 0.2216719823199154, 0.21969779206292867, 0.21791207006015126]",استان کبک,target phrase,<>
fa,14,"['image.2865.jpg', 'image.2868.png', 'image.2866.png', 'image.2863.png', 'image.2867.jpg', 'image.2869.jpg', 'image.2862.jpg', 'image.2864.jpg', 'image.2870.jpg', 'image.2871.jpg']","[0.2964192767642974, 0.262516769373884, 0.25942143481872093, 0.24415862382621867, 0.24111798576324062, 0.23229509900128106, 0.22289296323226276, 0.2158779032628068, 0.20679781414603104, 0.20249702494462515]",زبان سرخ,target phrase,<>
fa,15,"['image.2872.jpg', 'image.2881.png', 'image.2874.png', 'image.2878.png', 'image.2879.jpg', 'image.2880.jpg', 'image.2877.jpg', 'image.2876.jpg', 'image.2875.jpg', 'image.2873.jpg']","[0.2639834510036356, 0.2572747520591641, 0.2520617688765979, 0.2418036220378354, 0.21464453214897336, 0.19393539169133367, 0.18610761322477598, 0.18561992198599228, 0.17830724396803038, 0.1635821564084667]",پرچم نر,target phrase,<>
fa,16,"['image.2887.jpg', 'image.2891.jpg', 'image.2884.jpg', 'image.2882.jpg', 'image.2889.jpg', 'image.2885.jpg', 'image.2890.jpg', 'image.2886.jpg', 'image.2883.jpg', 'image.2888.jpg']","[0.22944768530112286, 0.22891769062805337, 0.2217416394203261, 0.22119968325605838, 0.21660313800359263, 0.21027926157655338, 0.20903281411832636, 0.20683892203126855, 0.2067132633252484, 0.20011174495927478]",بند آواز,target phrase,<>
fa,17,"['image.2899.jpg', 'image.2896.jpg', 'image.2892.jpg', 'image.2900.jpg', 'image.2898.jpg', 'image.2893.jpg', 'image.2895.jpg', 'image.2897.jpg', 'image.2894.jpg', 'image.969.jpg']","[0.23883057163675456, 0.23512905764011294, 0.23324093787989508, 0.23104677828680728, 0.2209633542504935, 0.2198173824032501, 0.19536424232879576, 0.1934639159377676, 0.18741758719668136, 0.18558633595165708]",مهره سرباز,target phrase,<>
fa,18,"['image.2903.jpg', 'image.2910.jpg', 'image.2908.jpg', 'image.2904.jpg', 'image.2907.jpg', 'image.2909.jpg', 'image.2906.jpg', 'image.2902.jpg', 'image.2905.jpg', 'image.2901.jpg']","[0.24736449144652445, 0.23801654656419424, 0.23122820410577488, 0.22883481222158797, 0.21650507458638005, 0.21418418153299296, 0.21264810349570737, 0.20899944069500856, 0.19552787953223724, 0.19217571364583072]",عرق ورزش,target phrase,<>
fa,19,"['image.2911.jpg', 'image.2041.jpg', 'image.2916.jpg', 'image.2914.jpg', 'image.2915.jpg', 'image.2917.jpg', 'image.2918.jpg', 'image.2912.jpg', 'image.2919.jpg', 'image.2913.jpg']","[0.2639013812547964, 0.2567764637767458, 0.2523341761188381, 0.251594485574103, 0.24535374176240748, 0.2428538921534828, 0.2411226085347098, 0.23069535371453836, 0.2188301655574262, 0.20893479416526553]",سبزی جعفری,target phrase,<>
fa,20,"['image.2923.jpg', 'image.2928.jpg', 'image.2925.jpg', 'image.2927.jpg', 'image.2926.jpg', 'image.2929.jpg', 'image.2921.jpg', 'image.2922.jpg', 'image.2924.jpg', 'image.2920.jpg']","[0.2539988153692568, 0.23975111362369086, 0.2395136178152993, 0.23052415945913177, 0.22752855593237634, 0.22576660859772338, 0.21345975109117124, 0.2126002569089568, 0.20857421975581877, 0.20142173283549425]",فرمان هیدرولیک,target phrase,<>
fa,21,"['image.2937.jpg', 'image.2935.jpg', 'image.2931.jpg', 'image.2938.jpg', 'image.2936.jpg', 'image.2932.jpg', 'image.2933.jpg', 'image.2934.jpg', 'image.2930.jpg', 'image.2939.jpg']","[0.30631119255670286, 0.2926151707863329, 0.26748116261912996, 0.25825637899409976, 0.24107194085742953, 0.22546271178719365, 0.22223820990303167, 0.2180618276359111, 0.20166458901377526, 0.18478673868225798]",شیشه‎ شیر,target phrase,<>
fa,22,"['image.2948.jpg', 'image.2943.jpg', 'image.2942.jpg', 'image.2947.jpg', 'image.2941.jpg', 'image.2945.jpg', 'image.2944.jpg', 'image.2946.jpg', 'image.2552.jpg', 'image.2940.jpg']","[0.2641387638128469, 0.24552645055614125, 0.24225867413731667, 0.23517007781849397, 0.23486154793932879, 0.2242037456977869, 0.21531251499200016, 0.2109673885574641, 0.21079048613751208, 0.17727738352910252]",عرق نوشیدنی,target phrase,<>
fa,23,"['image.2955.jpg', 'image.2950.jpg', 'image.2952.jpg', 'image.2949.jpg', 'image.2953.jpg', 'image.2956.jpg', 'image.2954.jpg', 'image.2957.jpg', 'image.2951.jpg', 'image.2958.jpg']","[0.2819528629309066, 0.2604502442514579, 0.25919702253188626, 0.23004237364968952, 0.22199113554127967, 0.2074040157099473, 0.1995873377011526, 0.1990567765235473, 0.18549395230783589, 0.18267188920308172]",اختر آسمان,target phrase,<>
fa,24,"['image.2965.png', 'image.2960.jpg', 'image.2962.jpg', 'image.2966.jpg', 'image.2961.jpg', 'image.2963.jpg', 'image.251.jpg', 'image.2964.jpg', 'image.2959.jpg', 'image.2967.jpg']","[0.2609176893478997, 0.26085676523981277, 0.2599708130941813, 0.25370139030334, 0.24829063189301398, 0.24658291135448737, 0.24505714570621748, 0.2321725526769358, 0.2306914155496499, 0.2050783624361501]",صورت فلکی پگاسوس,target phrase,<>
fa,25,"['image.2976.jpg', 'image.2975.jpg', 'image.2968.jpg', 'image.2970.jpg', 'image.2974.jpg', 'image.2973.jpg', 'image.2796.jpg', 'image.2972.jpg', 'image.2969.jpg', 'image.2971.jpg']","[0.22755258091945874, 0.22292377698802113, 0.22165707536803497, 0.21837294194879822, 0.21789654481977175, 0.21749687345553245, 0.21133286402208537, 0.20982011587861146, 0.20679234217853434, 0.18917470271207212]",نوای عود,target phrase,<>
fa,26,"['image.2757.jpg', 'image.2759.jpg', 'image.2300.jpg', 'image.2978.jpg', 'image.2760.jpg', 'image.2758.jpg', 'image.2755.jpg', 'image.2761.jpg', 'image.95.jpg', 'image.2977.jpg']","[0.24506467858011116, 0.21862944407804702, 0.2165970265243395, 0.21256437593769653, 0.21071992189985606, 0.2100959255501435, 0.20611359282487085, 0.202653445005321, 0.20201085629498886, 0.19797245785260342]",عدسی فیزیک,target phrase,<>
fa,27,"['image.1409.jpg', 'image.2981.jpg', 'image.2984.jpg', 'image.2979.jpg', 'image.1022.jpg', 'image.2982.jpg', 'image.2986.jpg', 'image.2980.jpg', 'image.2985.jpg', 'image.2983.jpg']","[0.234254158739639, 0.23142897526760473, 0.229665343265336, 0.22845568191687016, 0.22703399618820988, 0.22591300415323662, 0.22545860498737796, 0.22318016548155356, 0.2095786044852883, 0.20455728725768307]",میل لنگ,target phrase,<>
fa,28,"['image.2995.jpg', 'image.2996.jpg', 'image.2990.jpg', 'image.2991.jpg', 'image.2992.jpg', 'image.2994.jpg', 'image.2987.jpg', 'image.2988.jpg', 'image.2989.jpg', 'image.2993.jpg']","[0.2880674816226873, 0.2867602269649783, 0.2740152811050864, 0.2573433379733081, 0.2544168508098587, 0.25294918881296086, 0.1667291952787674, 0.1624271841057724, 0.14333362880856154, 0.12442241673558069]",اسکی در برف,target phrase,<>
fa,29,"['image.3002.jpg', 'image.3005.jpg', 'image.623.jpg', 'image.3000.jpg', 'image.3003.jpg', 'image.2997.jpg', 'image.2998.jpg', 'image.3004.jpg', 'image.2999.jpg', 'image.3001.jpg']","[0.23093211381753362, 0.22162862997490812, 0.21844685334452973, 0.2179799956210919, 0.21484490904332051, 0.2091802434983385, 0.20638241209765668, 0.20051174123030635, 0.19156411686609026, 0.18948282201177535]",سهیل یا پرک,target phrase,<>
fa,30,"['image.3013.jpg', 'image.3015.jpg', 'image.3014.jpg', 'image.3012.jpg', 'image.3006.jpg', 'image.3008.jpg', 'image.3010.jpg', 'image.3009.jpg', 'image.3011.jpg', 'image.3007.jpg']","[0.21255148838875326, 0.2068791513728908, 0.19702611162175382, 0.19576865951538522, 0.1911659969702491, 0.18999312956168016, 0.1893342057634181, 0.1880981718681359, 0.18583679035860262, 0.18566453464564928]",مين منفجره,target phrase,<>
fa,31,"['image.2705.jpg', 'image.3016.jpg', 'image.3023.jpg', 'image.3022.jpg', 'image.3020.jpg', 'image.3017.jpg', 'image.3024.jpg', 'image.3019.jpg', 'image.3018.jpg', 'image.3021.jpg']","[0.24413838384812503, 0.23151134835649761, 0.2183300169210062, 0.21150531366118175, 0.21148760171506065, 0.2060710562128601, 0.20505450579918874, 0.20443270607557615, 0.20089354842616425, 0.19954478115282265]",لولو خورخوره,target phrase,<>
fa,32,"['image.3031.jpg', 'image.3026.jpg', 'image.3030.jpg', 'image.3028.jpg', 'image.352.jpg', 'image.3027.jpg', 'image.3032.jpg', 'image.3025.jpg', 'image.3033.jpg', 'image.3029.jpg']","[0.22046225939198183, 0.21852200605075262, 0.21732506623132206, 0.213136871509028, 0.2118462097933185, 0.20884990659781946, 0.20762561216448855, 0.20528547505500847, 0.20479935738248023, 0.20451446478162427]",اختناق نفس,target phrase,<>
fa,33,"['image.3040.jpg', 'image.3038.jpg', 'image.975.jpg', 'image.3041.jpg', 'image.3039.jpg', 'image.3034.jpg', 'image.3035.png', 'image.3042.jpg', 'image.3037.jpg', 'image.3036.jpg']","[0.22390555445639992, 0.22117642682986624, 0.21015480589415197, 0.2082704384851147, 0.20542316095560456, 0.2048820804312077, 0.20256397494389844, 0.20154427546704848, 0.19857495023876384, 0.1932430147610403]",جوش سرسفید,target phrase,<>
fa,34,"['image.3048.jpg', 'image.3049.jpg', 'image.3047.jpg', 'image.3044.jpg', 'image.3050.jpg', 'image.3051.jpg', 'image.3046.jpg', 'image.3043.jpg', 'image.3045.jpg', 'image.2971.jpg']","[0.23301690673787262, 0.23118594804715084, 0.22353949718731556, 0.22305420645447513, 0.21671994439699963, 0.21341604030764696, 0.21280484573248878, 0.21208909302731233, 0.20933556896638392, 0.19535040722693525]",لوت ساز,target phrase,<>
fa,35,"['image.3061.jpg', 'image.3057.jpg', 'image.3053.jpg', 'image.3060.jpg', 'image.3058.jpg', 'image.3056.jpg', 'image.3054.jpg', 'image.3052.jpg', 'image.3059.jpg', 'image.3055.jpg']","[0.2539576279567492, 0.24718741567427158, 0.2460441905206671, 0.23589438556288939, 0.21327758530560345, 0.21186515814321957, 0.2116570539429369, 0.20962322017154114, 0.20131961373638432, 0.19130008263631326]",ميمون باغبانی,target phrase,<>
fa,36,"['image.3068.jpg', 'image.3062.png', 'image.3063.jpg', 'image.3067.jpg', 'image.3065.jpg', 'image.3069.jpg', 'image.3071.jpg', 'image.3064.jpg', 'image.3070.jpg', 'image.3066.jpg']","[0.2865994327489341, 0.27714779204354456, 0.27535297675220244, 0.263919386514678, 0.263321023035497, 0.25313538821838116, 0.24642767800706467, 0.23963066698743624, 0.22603228595208588, 0.21222252733856642]",سینای مصر,target phrase,<>
fa,37,"['image.3072.jpg', 'image.3079.jpg', 'image.3075.jpg', 'image.3076.jpg', 'image.3077.jpg', 'image.3078.jpg', 'image.3073.jpg', 'image.3074.jpg', 'image.3080.jpg', 'image.3081.jpg']","[0.2576529178690812, 0.2573241703808349, 0.25315123137181306, 0.24712248210476662, 0.23597471614444412, 0.23307601982015608, 0.22994403111324016, 0.21996902734694587, 0.2179999858664231, 0.2179924620743162]",گل رس,target phrase,<>
fa,38,"['image.3090.jpg', 'image.3084.png', 'image.3088.jpg', 'image.3089.jpg', 'image.3087.jpg', 'image.3085.jpg', 'image.3082.png', 'image.3086.jpg', 'image.3091.jpg', 'image.3083.png']","[0.23247268062183962, 0.21792739322459478, 0.21211947233784345, 0.2051274362491653, 0.20292910812334272, 0.20283181750400792, 0.20241840257877555, 0.19835408416908346, 0.19663999029253482, 0.19235725507552337]",توان دو,target phrase,<>
fa,39,"['image.3098.jpg', 'image.3096.jpg', 'image.3095.jpg', 'image.3093.jpg', 'image.3099.jpg', 'image.3092.jpg', 'image.3097.jpg', 'image.1002.jpg', 'image.3100.jpg', 'image.3094.jpg']","[0.22268378508045866, 0.21531595810388685, 0.21245719515808492, 0.21157599744947442, 0.20901256905198567, 0.20476284403168613, 0.20074850351143614, 0.19861290203869983, 0.19798402811958327, 0.18829982834839773]",لنت چسب,target phrase,<>
fa,40,"['image.997.jpg', 'image.3102.jpg', 'image.3106.jpg', 'image.3105.jpg', 'image.21.jpg', 'image.1550.jpg', 'image.3104.jpg', 'image.3101.jpg', 'image.3103.jpg', 'image.3107.jpg']","[0.28639796733756034, 0.2749997524913521, 0.2716719691553885, 0.26744993604856626, 0.2474007058206115, 0.23522128735070777, 0.22090786614603272, 0.20488483323796527, 0.19876999653860652, 0.19718402788650144]",کلید در,target phrase,<>
fa,41,"['image.2865.jpg', 'image.2868.png', 'image.3109.png', 'image.2866.png', 'image.2864.jpg', 'image.2867.jpg', 'image.3108.jpg', 'image.2869.jpg', 'image.2862.jpg', 'image.2870.jpg']","[0.2616059773309169, 0.25365200359616336, 0.25152460069863725, 0.24712634553319393, 0.2263562764903748, 0.2258277726029146, 0.2223505627503794, 0.2218971954703394, 0.21516845504505291, 0.20060947955625]",زبان برای بلعیدن,target phrase,<>
fa,42,"['image.3115.jpg', 'image.3111.jpg', 'image.3114.png', 'image.3113.jpg', 'image.3110.jpg', 'image.2975.jpg', 'image.3116.jpg', 'image.3117.jpg', 'image.3112.jpg', 'image.3118.jpg']","[0.23612899601760898, 0.22626135680947132, 0.2235615156721192, 0.21177641010423756, 0.20952674308818006, 0.20949645912672388, 0.20368510586015215, 0.1925076307588832, 0.19228543993155778, 0.19194203358673922]",تار و پود,target phrase,<>
fa,43,"['image.3123.jpg', 'image.3122.jpg', 'image.3124.jpg', 'image.1498.jpg', 'image.3121.jpg', 'image.3120.jpg', 'image.3125.jpg', 'image.3126.jpg', 'image.1795.jpg', 'image.3119.jpg']","[0.23894783620644428, 0.23085648620643026, 0.220525770722554, 0.21966548515120643, 0.20816493843741565, 0.20532414158029663, 0.203063073513276, 0.20300379841014243, 0.20065930351898326, 0.19338555212295314]",کارتن اسباب کشی,target phrase,<>
fa,44,"['image.3134.jpg', 'image.3133.jpg', 'image.3135.jpg', 'image.3127.jpg', 'image.3136.jpg', 'image.3132.jpg', 'image.3129.jpg', 'image.3130.jpg', 'image.3128.jpg', 'image.3131.jpg']","[0.30045387493484194, 0.29175474795672734, 0.2877467708873896, 0.2860547940363416, 0.28441156966459774, 0.2435853913088587, 0.21985331103538647, 0.2082329170782362, 0.18076313994528317, 0.17098205425815818]",سیب آدم,target phrase,<>
fa,45,"['image.2935.jpg', 'image.2831.jpg', 'image.2826.jpg', 'image.3139.jpg', 'image.2830.jpg', 'image.3137.jpg', 'image.2823.jpg', 'image.628.jpg', 'image.2829.jpg', 'image.3138.jpg']","[0.24457114631086424, 0.24393590205827487, 0.2306124740681707, 0.2297943521166532, 0.22768779346800364, 0.22729177274972093, 0.2268263237853822, 0.2226888361818102, 0.21901708942161552, 0.21382025729199214]",گیلاس بلور,target phrase,<>
fa,46,"['image.3145.jpg', 'image.3140.jpg', 'image.3143.jpg', 'image.3141.jpg', 'image.3147.jpg', 'image.3148.png', 'image.761.jpg', 'image.3146.jpg', 'image.3144.jpg', 'image.3142.jpg']","[0.24102774687575765, 0.23414928886656236, 0.22965782736490814, 0.22855759843902665, 0.22687586681583827, 0.2226014165660149, 0.22075579718233337, 0.21852760240486654, 0.21763949426490997, 0.20488059822250357]",کره کوچک,target phrase,<>
fa,47,"['image.3153.jpg', 'image.3149.jpg', 'image.3151.jpg', 'image.352.jpg', 'image.3156.jpg', 'image.2154.jpg', 'image.3154.jpg', 'image.3152.jpg', 'image.3155.jpg', 'image.3150.jpg']","[0.2140277419797008, 0.21321472016833554, 0.20951076272837635, 0.20345274794431545, 0.2021454614269629, 0.2017101632056837, 0.2002246359897842, 0.1994985009495374, 0.19387557119616777, 0.19157986731660687]",باد معده,target phrase,<>
fa,48,"['image.3161.jpg', 'image.3158.jpg', 'image.3159.jpg', 'image.3163.jpg', 'image.3160.jpg', 'image.3157.jpg', 'image.3162.jpg', 'image.3166.jpg', 'image.3165.jpg', 'image.3164.jpg']","[0.29154459796248167, 0.27278838999623745, 0.26100530357909446, 0.2479058025193356, 0.24135229602381666, 0.23917123227153692, 0.2307164624277214, 0.2265270958515272, 0.21082396739724504, 0.20756971930235565]",اسفنج دریایی,target phrase,<>
fa,49,"['image.3172.jpg', 'image.2819.jpg', 'image.3170.jpg', 'image.77.jpg', 'image.3167.jpg', 'image.3173.jpg', 'image.3169.jpg', 'image.3168.jpg', 'image.3174.jpg', 'image.3171.jpg']","[0.297229957546073, 0.2889606615029746, 0.24222027882426958, 0.2184783777638028, 0.21639050512235627, 0.21004465157451038, 0.2049540942969043, 0.19875176617122223, 0.19602338833847174, 0.18707587824169936]",مهره فیل,target phrase,<>
fa,50,"['image.3177.jpg', 'image.3175.jpg', 'image.3176.jpg', 'image.907.jpg', 'image.1822.jpg', 'image.3181.jpg', 'image.3178.jpg', 'image.742.jpg', 'image.3180.jpg', 'image.3179.jpg']","[0.2608795103983651, 0.252430068715629, 0.2513927072891335, 0.239410766257523, 0.23724110214294136, 0.22665213275675453, 0.22446857766272466, 0.2238114011825769, 0.2115515121768521, 0.2068085010559685]",کره مربا,target phrase,<>
fa,51,"['image.3186.jpg', 'image.3185.jpg', 'image.3187.jpg', 'image.3182.jpg', 'image.3183.jpg', 'image.3189.jpg', 'image.3190.jpg', 'image.3184.jpg', 'image.1742.jpg', 'image.3188.jpg']","[0.25713895616483184, 0.2402523610950527, 0.23533421781711833, 0.23317820122482646, 0.22813623322731613, 0.22385363387033488, 0.2187592086264329, 0.21789620859831516, 0.21753755601361624, 0.2041983009288708]",پولک تزئینی,target phrase,<>
fa,52,"['image.3196.jpg', 'image.3192.jpg', 'image.3197.jpg', 'image.3199.jpg', 'image.3195.jpg', 'image.3198.jpg', 'image.3193.jpg', 'image.3191.jpg', 'image.3200.jpg', 'image.3194.jpg']","[0.3119374054125434, 0.27755853560136295, 0.258922669056616, 0.25043988358259806, 0.23136239102341383, 0.21430195985040015, 0.2090584305293689, 0.20763274658428468, 0.20615308440430014, 0.1965737881888806]",نقدینگی افغانی,target phrase,<>
fa,53,"['image.3207.jpg', 'image.3201.jpg', 'image.3210.jpg', 'image.3208.jpg', 'image.3202.jpg', 'image.3209.jpg', 'image.3204.jpg', 'image.3206.jpg', 'image.3205.jpg', 'image.3203.jpg']","[0.2774382379877653, 0.25729310446262793, 0.24777506483604145, 0.2436429132893002, 0.23992081347053404, 0.2319133136064971, 0.22567858267594518, 0.22052135880545642, 0.22041753490355526, 0.21409722464582007]",مريم عیسی,target phrase,<>
fa,54,"['image.3212.png', 'image.3218.png', 'image.3213.png', 'image.3211.jpg', 'image.3220.png', 'image.3214.png', 'image.3217.jpg', 'image.3216.jpg', 'image.3215.jpg', 'image.3219.jpg']","[0.3266510625992777, 0.3098754689038309, 0.2966632757708997, 0.27709243486029017, 0.27595111960163105, 0.2683636371172302, 0.2389165463857687, 0.2329033862330121, 0.2232614083452985, 0.22165867783393844]",ارتفاع مثلث,target phrase,<>
fa,55,"['image.2945.jpg', 'image.2946.jpg', 'image.2943.jpg', 'image.2552.jpg', 'image.3222.jpg', 'image.2944.jpg', 'image.2942.jpg', 'image.2940.jpg', 'image.3221.jpg', 'image.2941.jpg']","[0.23189764820920336, 0.22370046068911775, 0.21533218096866844, 0.21460929683562258, 0.21041534329873907, 0.20764952890503321, 0.20431484373089456, 0.20388864174704657, 0.20031686496307963, 0.1980709797110278]",عرق بیدمشک,target phrase,<>
fa,56,"['image.3227.jpg', 'image.3225.jpg', 'image.3228.jpg', 'image.451.jpg', 'image.3230.jpg', 'image.3231.jpg', 'image.3229.jpg', 'image.3226.jpg', 'image.3223.jpg', 'image.3224.jpg']","[0.22258701005178594, 0.21907736664281202, 0.21716825234350115, 0.2128555154399796, 0.2127608857778535, 0.210482997300814, 0.20664008820259644, 0.20489263257760212, 0.20114794816500292, 0.19473847617833978]",کرم مرطوب,target phrase,<>
fa,57,"['image.3236.jpg', 'image.3234.jpg', 'image.3239.jpg', 'image.738.jpg', 'image.3238.jpg', 'image.3233.jpg', 'image.3240.jpg', 'image.3235.jpg', 'image.3237.jpg', 'image.3232.jpg']","[0.2395069348664704, 0.23478776937857151, 0.23260194485509705, 0.22301197284709734, 0.22032663383451084, 0.2200333328226269, 0.21297550051370553, 0.19949223842189986, 0.19690012734430712, 0.18151114690302755]",موس شیرین,target phrase,<>
fa,58,"['image.3242.jpg', 'image.3241.jpg', 'image.1308.jpg', 'image.3245.jpg', 'image.3243.jpg', 'image.3249.jpg', 'image.3247.jpg', 'image.3244.jpg', 'image.3248.png', 'image.3246.jpg']","[0.23180520803249502, 0.21946748678451206, 0.216752056770452, 0.21650769140161005, 0.2146929367970711, 0.2090415702507439, 0.19898002111939525, 0.1989743634806556, 0.19841884215065062, 0.1816069967312106]",شکست موترک,target phrase,<>
fa,59,"['image.3259.jpg', 'image.3258.jpg', 'image.3250.jpg', 'image.3251.jpg', 'image.3255.jpg', 'image.3254.jpg', 'image.3256.jpg', 'image.3253.jpg', 'image.3257.jpg', 'image.3252.jpg']","[0.25172914242610933, 0.2506950411730239, 0.24699851118493676, 0.2442786129618456, 0.24278609440147986, 0.24164334547294342, 0.2362063086814921, 0.23473042842660655, 0.22282858067330769, 0.20740667716344482]",ملک سند,target phrase,<>
fa,60,"['image.3266.png', 'image.3263.png', 'image.3265.png', 'image.3262.png', 'image.3140.jpg', 'image.3267.jpg', 'image.3147.jpg', 'image.3260.jpg', 'image.3264.jpg', 'image.3261.jpg']","[0.256004289672036, 0.2530270747185957, 0.2529698383399198, 0.24716133517467975, 0.2454963356473928, 0.23655713847510987, 0.23250955030154793, 0.23092754806496285, 0.2295735826855426, 0.21190893081347772]",حجم کره,target phrase,<>
fa,61,"['image.3273.jpg', 'image.3275.jpg', 'image.2837.jpg', 'image.3268.jpg', 'image.3274.jpg', 'image.2897.jpg', 'image.3272.jpg', 'image.3270.jpg', 'image.3269.jpg', 'image.3271.jpg']","[0.24177257362907828, 0.23576318423563208, 0.23533892836254394, 0.21581955086965193, 0.21566832024728655, 0.21324487820107768, 0.20330798210554313, 0.19904780564153882, 0.19596978227030307, 0.18196740102321177]",کیش و مات,target phrase,<>
fa,62,"['image.3281.jpg', 'image.3276.jpg', 'image.3279.jpg', 'image.3283.jpg', 'image.3277.jpg', 'image.3278.jpg', 'image.2681.jpg', 'image.533.jpg', 'image.3282.jpg', 'image.3280.jpg']","[0.24455792302326768, 0.22872999494830085, 0.22504207713803465, 0.21463009429583962, 0.20939972482642813, 0.2093963247961004, 0.20927917854095043, 0.19967778238416622, 0.19314796801153483, 0.18914888310624745]",جرم و چگالی,target phrase,<>
fa,63,"['image.3287.jpg', 'image.3284.jpg', 'image.3285.jpg', 'image.3288.jpg', 'image.3291.jpg', 'image.3172.jpg', 'image.3289.jpg', 'image.3240.jpg', 'image.3286.jpg', 'image.3290.jpg']","[0.25153373183479727, 0.24799320534700242, 0.24148167090692105, 0.23901944386539334, 0.2336725676735234, 0.23146597429475255, 0.21913768715259774, 0.2185550937595605, 0.208245096016841, 0.20628845839673515]",موس شاخ,target phrase,<>
fa,64,"['image.3292.jpg', 'image.3296.jpg', 'image.3301.jpg', 'image.3293.jpg', 'image.3295.jpg', 'image.3297.jpg', 'image.3299.jpg', 'image.3298.jpg', 'image.3294.jpg', 'image.3300.jpg']","[0.2747226326853994, 0.2639134805280319, 0.26181978509381637, 0.2568426912568901, 0.23779901484123075, 0.22082356562557678, 0.21981181551531015, 0.20042872226582817, 0.19067549624694882, 0.17410459837478584]",دپارتمانی در آکسفورد,target phrase,<>
fa,65,"['image.3307.jpg', 'image.3302.jpg', 'image.3311.jpg', 'image.3308.jpg', 'image.3304.jpg', 'image.3305.jpg', 'image.3306.jpg', 'image.3309.jpg', 'image.3310.jpg', 'image.3303.jpg']","[0.24000776656590958, 0.22673305400165156, 0.22429836206771198, 0.22381785128930434, 0.22365269585052422, 0.21803969529259012, 0.21764774801554543, 0.2066129478683228, 0.20342955209109492, 0.20105713085499302]",كبك شکار,target phrase,<>
fa,66,"['image.3315.jpg', 'image.3318.jpg', 'image.3314.jpg', 'image.3316.jpg', 'image.3313.jpg', 'image.3317.jpg', 'image.3312.jpg', 'image.2930.jpg', 'image.2149.jpg', 'image.3319.jpg']","[0.2877216425057095, 0.2874565335439359, 0.27653042422829727, 0.26000127606680906, 0.24764259883667847, 0.22549964554116253, 0.22517081141555662, 0.22401540582688015, 0.2191626999771417, 0.2070186429399288]",گوساله گوشت,target phrase,<>
fa,67,"['image.3328.jpg', 'image.3322.jpg', 'image.3324.jpg', 'image.3326.jpg', 'image.3321.jpg', 'image.3325.jpg', 'image.3323.jpg', 'image.2731.jpg', 'image.3320.jpg', 'image.3327.jpg']","[0.3192107722100826, 0.29526733316102666, 0.29390820514070787, 0.2715566193236723, 0.23453146026720537, 0.22880240970089924, 0.20784075263857693, 0.19535128036823735, 0.18536131930358254, 0.16398954308143762]",برنج‎ مس,target phrase,<>
fa,68,"['image.3333.jpg', 'image.2841.jpg', 'image.3330.jpg', 'image.3334.png', 'image.2835.jpg', 'image.3329.jpg', 'image.2832.jpg', 'image.2836.jpg', 'image.3332.jpg', 'image.3331.jpg']","[0.25560983277260124, 0.2500252155591779, 0.24520917632302264, 0.23908466003274367, 0.2362822350515901, 0.23458019496475338, 0.2269434599633391, 0.22559176193595978, 0.22340045646020043, 0.22268012725383496]",جدول خیابان,target phrase,<>
fa,69,"['image.3339.jpg', 'image.3341.jpg', 'image.3337.jpg', 'image.3335.jpg', 'image.2225.jpg', 'image.3336.jpg', 'image.3343.jpg', 'image.3338.jpg', 'image.3340.jpg', 'image.3342.jpg']","[0.27211964369321234, 0.23770191000483304, 0.217832535478611, 0.21635227577740476, 0.20763793482409204, 0.20601865146081472, 0.1958390713459096, 0.18012021364914113, 0.17978741753270303, 0.16722730240149158]",تور ماهیگیری,target phrase,<>
fa,70,"['image.3344.jpg', 'image.3345.jpg', 'image.1854.jpg', 'image.3347.jpg', 'image.3350.jpg', 'image.3349.jpg', 'image.1431.jpg', 'image.3351.jpg', 'image.3348.jpg', 'image.3346.jpg']","[0.2901183876887758, 0.2791756446972488, 0.24928375748682188, 0.24342484573647793, 0.20682792218616738, 0.20211940004808082, 0.19950482852916696, 0.19655066723917872, 0.1899023931143873, 0.1883782053601833]",پاپ رم,target phrase,<>
fa,71,"['image.3355.jpg', 'image.3352.jpg', 'image.3360.jpg', 'image.2236.jpg', 'image.3357.jpg', 'image.3356.jpg', 'image.3359.jpg', 'image.3353.jpg', 'image.3354.jpg', 'image.3358.jpg']","[0.23524028979635245, 0.23125222585687255, 0.22145697316857377, 0.21945090181447047, 0.21536200485503648, 0.21473151898157453, 0.21183201836687213, 0.20901907643022477, 0.2071700746748873, 0.2014958605244092]",ضرب تمبک,target phrase,<>
fa,72,"['image.3366.jpg', 'image.3367.jpg', 'image.3361.jpg', 'image.3365.jpg', 'image.3362.jpg', 'image.3368.jpg', 'image.3364.jpg', 'image.3370.jpg', 'image.3369.jpg', 'image.3363.jpg']","[0.2678948256366466, 0.2591889364098772, 0.2520517488743374, 0.22984807755810147, 0.2262091557588627, 0.2251598195815194, 0.21904453848915362, 0.21770764499268327, 0.21526784937150745, 0.2042475315316384]",انقلاب زمستانی,target phrase,<>
fa,73,"['image.3375.jpg', 'image.3379.jpg', 'image.3372.jpg', 'image.3378.jpg', 'image.3377.png', 'image.3373.jpg', 'image.3371.jpg', 'image.3380.png', 'image.3374.jpg', 'image.3376.jpg']","[0.24994816556966296, 0.24490676488221336, 0.24334758143845583, 0.24191840939362597, 0.2319239440707487, 0.22668419339129134, 0.2251756977741797, 0.21301865465276526, 0.2116241471309079, 0.19923678119762653]",شكارچي فلک,target phrase,<>
fa,74,"['image.3388.png', 'image.3387.png', 'image.3384.png', 'image.3383.png', 'image.3385.jpg', 'image.3390.jpg', 'image.3381.jpg', 'image.3382.jpg', 'image.3386.jpg', 'image.3389.jpg']","[0.24664807891759075, 0.24618626638171817, 0.2431420186988679, 0.23897444139247395, 0.20858007070782816, 0.20704677033429908, 0.20522466057582378, 0.1938081635097437, 0.18752188159864108, 0.16611516000177748]",دیافراگم تنفسی,target phrase,<>
fa,75,"['image.3396.jpg', 'image.3399.jpg', 'image.3395.jpg', 'image.3391.png', 'image.3397.jpg', 'image.3394.jpg', 'image.3398.jpg', 'image.3400.jpg', 'image.3393.jpg', 'image.3392.jpg']","[0.25086850466273586, 0.24939965063258843, 0.23651103764188577, 0.21579704421270227, 0.21287632992697023, 0.2101159374864824, 0.20722971371026513, 0.1975917372530376, 0.19497119549627925, 0.1876671691958918]",کشتی باری,target phrase,<>
fa,76,"['image.3404.jpg', 'image.3410.jpg', 'image.3409.jpg', 'image.3406.jpg', 'image.3401.jpg', 'image.3408.jpg', 'image.3403.jpg', 'image.3405.jpg', 'image.3402.jpg', 'image.3407.jpg']","[0.2606179226738699, 0.25976472206486345, 0.24871037905979798, 0.24524597071452786, 0.22068891342957467, 0.2192173839973449, 0.21793012390444552, 0.2144376685583659, 0.2082467313470945, 0.19754670930293963]",جفت جنین,target phrase,<>
fa,77,"['image.3413.jpg', 'image.3415.jpg', 'image.3417.jpg', 'image.3419.jpg', 'image.3418.jpg', 'image.3416.jpg', 'image.3414.jpg', 'image.3411.jpg', 'image.3412.jpg', 'image.3420.jpg']","[0.26096250362356904, 0.24771589047245285, 0.23818428332810337, 0.23201201887822057, 0.22301401405229396, 0.2170545279380129, 0.20293361611857233, 0.18447020309934062, 0.17856227718554465, 0.17783666203224613]",مریم خوشبو,target phrase,<>
fa,78,"['image.3422.png', 'image.3427.png', 'image.3425.png', 'image.3423.png', 'image.3430.jpg', 'image.3424.jpg', 'image.3421.jpg', 'image.3429.jpg', 'image.3428.jpg', 'image.3426.jpg']","[0.2317169437483533, 0.21784048656093905, 0.21485886390381675, 0.21153765310653622, 0.20295464235851823, 0.20212444384855596, 0.20140327355796747, 0.19806037380691474, 0.19522299253446426, 0.1886307009178345]",اهالی ده,target phrase,<>
fa,79,"['image.3435.jpg', 'image.3379.jpg', 'image.3437.jpg', 'image.3433.jpg', 'image.3434.jpg', 'image.3438.jpg', 'image.3432.jpg', 'image.3339.jpg', 'image.3436.jpg', 'image.3431.jpg']","[0.2209427965713965, 0.22021202937065107, 0.2136433249434147, 0.21196031002969307, 0.21157770732627126, 0.20979031642234747, 0.20646588457977544, 0.19920678594065433, 0.19643279840332922, 0.1909071271694174]",دام احشام,target phrase,<>
fa,80,"['image.3442.png', 'image.3441.png', 'image.3447.jpg', 'image.3445.png', 'image.3448.jpg', 'image.3444.jpg', 'image.3440.jpg', 'image.3443.jpg', 'image.3439.jpg', 'image.3446.jpg']","[0.2551155974770861, 0.2471995732982323, 0.24109374741005474, 0.23205984970989804, 0.2285801131602813, 0.2246093564805545, 0.22064017827753585, 0.22051506393350762, 0.20374708192424001, 0.20264719389219593]",مالت جمهوری,target phrase,<>
fa,81,"['image.720.jpg', 'image.3454.jpg', 'image.3451.jpg', 'image.3449.jpg', 'image.3450.jpg', 'image.3453.jpg', 'image.3452.jpg', 'image.3456.jpg', 'image.3457.jpg', 'image.3455.jpg']","[0.21155574657513687, 0.20550239957688368, 0.20056688669772121, 0.196259073895425, 0.19501964503969643, 0.18966997463129587, 0.18148105930768896, 0.18069565180624209, 0.18044634178817456, 0.17818129595959997]",بید مجنون,target phrase,<>
fa,82,"['image.3462.jpg', 'image.2851.jpg', 'image.1847.jpg', 'image.3461.jpg', 'image.3464.jpg', 'image.3463.jpg', 'image.3458.jpg', 'image.3174.jpg', 'image.3460.jpg', 'image.3459.jpg']","[0.27759887621311324, 0.27033299730757293, 0.25799996379783346, 0.2487386868905818, 0.22215301715987193, 0.21323246667754062, 0.21025482414684332, 0.20632698346075806, 0.19720182951801937, 0.18312010925542185]",مهره اسب,target phrase,<>
fa,83,"['image.3473.png', 'image.3466.png', 'image.3467.png', 'image.3471.png', 'image.3474.jpg', 'image.3470.jpg', 'image.3472.jpg', 'image.3469.jpg', 'image.3465.jpg', 'image.3468.jpg']","[0.27206011332266866, 0.27082575218336563, 0.27062986573829534, 0.27062986573829534, 0.25375435545635233, 0.25173287211905854, 0.24953601888763233, 0.24647974902498587, 0.23661592171629142, 0.23622057490627368]",قطر دایره,target phrase,<>
fa,84,"['image.3476.jpg', 'image.3475.jpg', 'image.3479.jpg', 'image.9.jpg', 'image.3480.jpg', 'image.3478.jpg', 'image.3481.jpg', 'image.3381.jpg', 'image.3477.png', 'image.3103.jpg']","[0.24681401999251826, 0.24078889873130027, 0.23449485613569104, 0.23028727512460292, 0.22626129826489003, 0.22266761246119288, 0.22109755940373024, 0.21022481312256222, 0.20323710725874847, 0.2021169817652554]",دیافراگم عکاسی,target phrase,<>
fa,85,"['image.2309.jpg', 'image.3484.jpg', 'image.3486.jpg', 'image.3488.jpg', 'image.3482.jpg', 'image.3483.jpg', 'image.3485.jpg', 'image.3490.jpg', 'image.3489.jpg', 'image.3487.jpg']","[0.2656783834178572, 0.25179834046661376, 0.2509333517492434, 0.24498284496895725, 0.24355838826216442, 0.24182329341933514, 0.23852895395353538, 0.23083935958885723, 0.21919772916985578, 0.2134298262736602]",كيوي نیوزلند,target phrase,<>
fa,86,"['image.3493.png', 'image.3498.png', 'image.3497.jpg', 'image.3500.jpg', 'image.3491.jpg', 'image.3494.jpg', 'image.3499.jpg', 'image.3496.jpg', 'image.3495.jpg', 'image.3492.jpg']","[0.2893587802101535, 0.26528656919958993, 0.2353873075869434, 0.22796639700801502, 0.22533434313675454, 0.22208755519364434, 0.2193046357848036, 0.2173688830698755, 0.21394089834092897, 0.21269944842528157]",زبان هندی,target phrase,<>
fa,87,"['image.3502.jpg', 'image.3508.jpg', 'image.3505.png', 'image.3504.png', 'image.3506.jpg', 'image.3501.jpg', 'image.3476.jpg', 'image.3507.jpg', 'image.3503.jpg', 'image.3509.jpg']","[0.26847546653679555, 0.2518311228424864, 0.24643874329378787, 0.24488028271298676, 0.23374467799990425, 0.23190808081540037, 0.2288842578437774, 0.22294022427746552, 0.22037904212569923, 0.21612043434335493]",مهر بانک,target phrase,<>
fa,88,"['image.2953.jpg', 'image.3513.jpg', 'image.3517.png', 'image.3516.jpg', 'image.3518.png', 'image.3515.jpg', 'image.3511.jpg', 'image.3514.jpg', 'image.3512.jpg', 'image.3510.jpg']","[0.24851529051627858, 0.24236890334612465, 0.24077607297592168, 0.23132990376728313, 0.23058850978651257, 0.22813315134816547, 0.22022860593493668, 0.21782174549087852, 0.2159326046293511, 0.21504530312788203]",تير ماه,target phrase,<>
fa,89,"['image.3524.png', 'image.3526.png', 'image.3522.jpg', 'image.3519.jpg', 'image.3527.jpg', 'image.3523.jpg', 'image.3520.jpg', 'image.3521.jpg', 'image.3528.jpg', 'image.3525.jpg']","[0.26752509913616335, 0.26117865872779916, 0.24314378424401556, 0.22805984064535678, 0.22511474284070962, 0.21687431308809457, 0.21531470890918084, 0.21443243512423263, 0.21435141208892203, 0.21342639383598933]",منشور هندسه,target phrase,<>
fa,90,"['image.3538.jpg', 'image.3537.jpg', 'image.3529.jpg', 'image.3531.jpg', 'image.3533.jpg', 'image.3535.jpg', 'image.3536.jpg', 'image.3530.jpg', 'image.3534.jpg', 'image.3532.jpg']","[0.21804957687801985, 0.2133682720695905, 0.20846304029525922, 0.20789531487969506, 0.20628671336139243, 0.20567187866159026, 0.20241603897078464, 0.19682486227383988, 0.19553142278667465, 0.1952190754426252]",اسفنج شستشو,target phrase,<>
fa,91,"['image.3541.jpg', 'image.3544.jpg', 'image.3539.jpg', 'image.3543.jpg', 'image.3547.jpg', 'image.3548.jpg', 'image.3540.jpg', 'image.3545.jpg', 'image.3546.jpg', 'image.3542.jpg']","[0.2710522187555612, 0.265987100252501, 0.2585541396844148, 0.23262174684239761, 0.2323581407793007, 0.22827048321251459, 0.22742645540298212, 0.21625410080068783, 0.2120260358500406, 0.19396440426628514]",کنگره معماری,target phrase,<>
fa,92,"['image.3552.jpg', 'image.3549.jpg', 'image.3554.jpg', 'image.3550.jpg', 'image.3551.jpg', 'image.3555.jpg', 'image.3080.jpg', 'image.3553.jpg', 'image.3557.jpg', 'image.3556.jpg']","[0.2890823503780086, 0.23887984422574818, 0.23846138968000086, 0.23731169952414302, 0.234576645556489, 0.23008197839323533, 0.2263172961026046, 0.22145769579554248, 0.22025952998357018, 0.2041382753911809]",سیاره زمین,target phrase,<>
fa,93,"['image.2887.jpg', 'image.3561.jpg', 'image.3558.jpg', 'image.3559.jpg', 'image.235.jpg', 'image.3562.jpg', 'image.2889.jpg', 'image.3563.jpg', 'image.3564.jpg', 'image.3560.jpg']","[0.24915232234723708, 0.24887098376997768, 0.243395793645281, 0.24146679316887368, 0.23294866799884215, 0.23014931188732538, 0.22889904033485464, 0.2267083271006479, 0.2194020180831214, 0.21175656575960722]",بند خاکی,target phrase,<>
fa,94,"['image.3565.jpg', 'image.3568.jpg', 'image.3463.jpg', 'image.3173.jpg', 'image.3571.jpg', 'image.3566.png', 'image.3570.jpg', 'image.3567.jpg', 'image.3123.jpg', 'image.3569.jpg']","[0.25681240272653777, 0.25357657558834723, 0.2478679301893864, 0.24362890916445723, 0.23840776871492433, 0.23538089484882022, 0.230126162174742, 0.22656983377895878, 0.21931418760358146, 0.19746744411274614]",شاه ورق,target phrase,<>
fa,95,"['image.3573.jpg', 'image.3574.jpg', 'image.3575.jpg', 'image.3463.jpg', 'image.3572.jpg', 'image.3171.jpg', 'image.3167.jpg', 'image.3576.png', 'image.3168.jpg', 'image.3577.jpg']","[0.22984314375808557, 0.2196933447169713, 0.21728092680412556, 0.21656892942796746, 0.2127929156083231, 0.21133504794989033, 0.21067440469053134, 0.20966611703515237, 0.19893701065280603, 0.18585740190802547]",مهره کمر,target phrase,<>
fa,96,"['image.3586.jpg', 'image.3584.jpg', 'image.3578.jpg', 'image.3581.jpg', 'image.1786.jpg', 'image.3582.jpg', 'image.3583.jpg', 'image.3585.jpg', 'image.3579.png', 'image.3580.png']","[0.22846952768090487, 0.22742899917028891, 0.22618547455086738, 0.21966100307832967, 0.21244326896537674, 0.20515466390034648, 0.20498904777486485, 0.1910985532636635, 0.18597258211057882, 0.17607628340374262]",دوش سریع,target phrase,<>
fa,97,"['image.3592.jpg', 'image.3590.png', 'image.3588.jpg', 'image.3587.jpg', 'image.2987.jpg', 'image.3591.jpg', 'image.2993.jpg', 'image.2988.jpg', 'image.3589.jpg', 'image.2994.jpg']","[0.24542744270996067, 0.23626806944421785, 0.2362601690960354, 0.23608240104308806, 0.23095806076596828, 0.21843576538109458, 0.20902237466930407, 0.2037826392926951, 0.1954556165489491, 0.18955939026876917]",اسكی کد,target phrase,<>
fa,98,"['image.3593.jpg', 'image.2585.jpg', 'image.3596.jpg', 'image.3595.jpg', 'image.3598.jpg', 'image.2538.jpg', 'image.3599.png', 'image.3594.jpg', 'image.3597.png', 'image.3600.jpg']","[0.2787543053076926, 0.26824559979966905, 0.25425499158427206, 0.24601324680093212, 0.2365694920938379, 0.23452833822209113, 0.23102309562636086, 0.22622813048041884, 0.21699634024700806, 0.20412682865791895]",کپسول دارو,target phrase,<>
fa,99,"['image.3571.jpg', 'image.3566.png', 'image.3567.jpg', 'image.3602.jpg', 'image.3601.jpg', 'image.1182.jpg', 'image.3173.jpg', 'image.3269.jpg', 'image.2897.jpg', 'image.3270.jpg']","[0.264645471313257, 0.248008842085408, 0.24791888733399178, 0.24436385637750857, 0.23101867370616272, 0.22721660919346262, 0.2124125413067334, 0.18851063648356087, 0.18175443553616377, 0.1775239869419494]",شاه کیش شده,target phrase,<>
fa,100,"['image.2953.jpg', 'image.3608.jpg', 'image.3604.jpg', 'image.3609.jpg', 'image.3611.jpg', 'image.3605.png', 'image.3610.jpg', 'image.3603.png', 'image.3606.png', 'image.3607.png']","[0.29352229536316643, 0.28747670136289305, 0.27966766869539783, 0.26577934917753276, 0.26008410410210486, 0.2525312652993961, 0.24214150431629516, 0.19139681128117852, 0.18200336607169895, 0.15500942117590283]",ماه شمسی,target phrase,<>
fa,101,"['image.3617.jpg', 'image.3616.jpg', 'image.3615.jpg', 'image.3613.jpg', 'image.3621.jpg', 'image.3612.jpg', 'image.3620.jpg', 'image.3619.jpg', 'image.3614.jpg', 'image.3618.jpg']","[0.23843254827629728, 0.23019664891993616, 0.22872616327606654, 0.2182562047536191, 0.21643976931031592, 0.20535813624860352, 0.20138673281615616, 0.19796208154967287, 0.19441304859258796, 0.19363091732998441]",لگد شلیک,target phrase,<>
fa,102,"['image.3625.jpg', 'image.3622.jpg', 'image.3630.jpg', 'image.3631.jpg', 'image.3629.jpg', 'image.3624.jpg', 'image.3628.jpg', 'image.3627.jpg', 'image.3626.jpg', 'image.3623.jpg']","[0.23668351266505247, 0.22130798345429936, 0.2208158532299806, 0.21463929748891755, 0.21402344783690103, 0.2130547511456329, 0.2090333870858198, 0.20397434920872293, 0.20305535009831932, 0.19538312665581062]",قرص تب,target phrase,<>
fa,103,"['image.3636.jpg', 'image.3639.jpg', 'image.3632.jpg', 'image.1013.jpg', 'image.3635.jpg', 'image.3637.jpg', 'image.3638.jpg', 'image.3634.jpg', 'image.3.jpg', 'image.3633.jpg']","[0.26893755402459285, 0.26779514657888237, 0.25617262555688985, 0.23127515745073285, 0.22921549006671793, 0.22886716183978417, 0.22242965871721965, 0.22036749762785474, 0.2121106344069961, 0.20012068286831836]",بشر آزمایشگاه,target phrase,<>
fa,104,"['image.3648.jpg', 'image.3644.jpg', 'image.3641.jpg', 'image.3640.jpg', 'image.3643.jpg', 'image.3649.jpg', 'image.3647.jpg', 'image.3646.jpg', 'image.3645.jpg', 'image.3642.jpg']","[0.24559883043844202, 0.2440345880317067, 0.23492056364399055, 0.22694988144882342, 0.22230341266484865, 0.217704525131355, 0.21642465897013105, 0.21430647122260874, 0.2131991436263459, 0.19755466356938858]",دبی آب,target phrase,<>
fa,105,"['image.3652.jpg', 'image.3658.jpg', 'image.3651.jpg', 'image.3653.jpg', 'image.3659.jpg', 'image.3657.jpg', 'image.3654.jpg', 'image.3650.jpg', 'image.3655.png', 'image.3656.jpg']","[0.23812970242165207, 0.23774439197991476, 0.23564823260033274, 0.23396868575630542, 0.22983414466742258, 0.22811544236719242, 0.22548544730432626, 0.22519696322040236, 0.21291729018414826, 0.21012734660045307]",مونث ماده,target phrase,<>
fa,106,"['image.3662.jpg', 'image.3663.jpg', 'image.3664.jpg', 'image.3661.jpg', 'image.3666.jpg', 'image.2897.jpg', 'image.3270.jpg', 'image.3665.jpg', 'image.3660.jpg', 'image.3269.jpg']","[0.25134986697736733, 0.22138330292925254, 0.22096830641456539, 0.21529043698946465, 0.2116165757122179, 0.2019296833120541, 0.1971322654672054, 0.19631973155461752, 0.19629176828164038, 0.19286151872663998]",کیش ایمان,target phrase,<>
fa,107,"['image.3671.jpg', 'image.3673.jpg', 'image.3668.jpg', 'image.374.jpg', 'image.3672.jpg', 'image.3667.jpg', 'image.3670.jpg', 'image.3230.jpg', 'image.3674.jpg', 'image.3669.jpg']","[0.30109543439199243, 0.23807086338154151, 0.2077211396458312, 0.20625340826995014, 0.20280705624470105, 0.19629183487058513, 0.19058138618759446, 0.18863763059331834, 0.1794718736259554, 0.17789981340512248]",یال شیر,target phrase,<>
fa,108,"['image.3684.jpg', 'image.3678.jpg', 'image.3676.jpg', 'image.3677.jpg', 'image.3675.jpg', 'image.3682.jpg', 'image.3683.jpg', 'image.3681.jpg', 'image.3680.jpg', 'image.3679.jpg']","[0.29013350162392604, 0.2862891438263891, 0.2678467751193657, 0.2545177899478926, 0.23577627063735265, 0.23488120014839453, 0.22363844103416766, 0.21966193726576383, 0.21782735596111508, 0.20535280289553673]",سنت ارز خارجی,target phrase,<>
fa,109,"['image.3396.jpg', 'image.3399.jpg', 'image.3395.jpg', 'image.3391.png', 'image.3397.jpg', 'image.3394.jpg', 'image.3398.jpg', 'image.3400.jpg', 'image.3393.jpg', 'image.3392.jpg']","[0.27017672346098626, 0.255287151514235, 0.252599271169089, 0.2348409078689844, 0.2269954638404731, 0.21224646556708818, 0.21109824335329544, 0.18531044417496617, 0.18462707127457725, 0.18433821082840918]",کشتی نفتی,target phrase,<>
fa,110,"['image.3689.jpg', 'image.3691.jpg', 'image.3685.jpg', 'image.3693.jpg', 'image.3687.jpg', 'image.3692.jpg', 'image.3690.jpg', 'image.3688.jpg', 'image.3694.jpg', 'image.3686.jpg']","[0.2382949552355721, 0.22913145910484448, 0.22639744536205125, 0.2113911406294031, 0.2111240794404386, 0.20450964413103592, 0.1981066007539711, 0.19701018494376582, 0.19569801467988934, 0.1825896853799202]",روی‎ رنگ پریده,target phrase,<>
fa,111,"['image.3699.jpg', 'image.3700.jpg', 'image.3704.jpg', 'image.3696.jpg', 'image.3703.jpg', 'image.3701.jpg', 'image.3698.jpg', 'image.3702.jpg', 'image.3697.jpg', 'image.3695.jpg']","[0.24056347471960324, 0.23375375796608377, 0.23334510785163598, 0.22502366385396283, 0.22346093541449102, 0.22088743938209532, 0.21825060772951083, 0.21256500072412007, 0.21164086190913112, 0.20877204150987244]",ریش عمیق,target phrase,<>
fa,112,"['image.3671.jpg', 'image.3708.png', 'image.1342.jpg', 'image.3706.jpg', 'image.3709.jpg', 'image.2801.png', 'image.3707.jpg', 'image.3710.jpg', 'image.3705.jpg', 'image.1338.jpg']","[0.293416688175482, 0.2282743022656073, 0.21926050842082612, 0.21518277878797656, 0.21195150685469077, 0.21078080842009486, 0.20683418800206094, 0.2066024707839992, 0.2047265379149503, 0.1972641223638367]",شیر فلکی,target phrase,<>
fa,113,"['image.3714.png', 'image.3718.jpg', 'image.3711.jpg', 'image.3713.jpg', 'image.3717.jpg', 'image.3712.jpg', 'image.3716.jpg', 'image.3720.jpg', 'image.3719.jpg', 'image.3715.jpg']","[0.27106769735601, 0.2473836678025469, 0.2453759388886072, 0.23857606049198532, 0.23565857781606445, 0.23256745032632664, 0.23047874205227234, 0.23043723167681457, 0.22259241980694758, 0.20172425094829421]",عالم کیهان,target phrase,<>
fa,114,"['image.3123.jpg', 'image.3122.jpg', 'image.1498.jpg', 'image.3124.jpg', 'image.3121.jpg', 'image.1795.jpg', 'image.3126.jpg', 'image.3120.jpg', 'image.3125.jpg', 'image.3119.jpg']","[0.23371353252840088, 0.2331921904254626, 0.2231145175987814, 0.22181620652274114, 0.21262944949147203, 0.21181665089560264, 0.21101978853697392, 0.2099295744650225, 0.20323593774144658, 0.2023212111660367]",کارتن مرسوله,target phrase,<>
fa,115,"['image.3721.jpg', 'image.3728.jpg', 'image.3729.jpg', 'image.3725.jpg', 'image.3727.jpg', 'image.3726.jpg', 'image.3722.png', 'image.3723.jpg', 'image.3730.png', 'image.3724.jpg']","[0.24868441685759157, 0.24781038109059828, 0.2457447478349551, 0.23097485005920979, 0.22696989526007377, 0.22107473955241258, 0.21845618123166297, 0.217264151864454, 0.21287263453785837, 0.21106628032365957]",ماده کروم,target phrase,<>
fa,116,"['image.3738.jpg', 'image.3737.jpg', 'image.3731.jpg', 'image.3733.jpg', 'image.1563.jpg', 'image.3734.jpg', 'image.3228.jpg', 'image.3736.jpg', 'image.3735.jpg', 'image.3732.jpg']","[0.2409367390207009, 0.23630804054109958, 0.23161914282317125, 0.23161914282317125, 0.2305607243757407, 0.230175242807465, 0.23004632972198305, 0.21893789994830806, 0.21432324340661907, 0.21374230735904343]",حلال محلول,target phrase,<>
fa,117,"['image.3744.jpg', 'image.3746.jpg', 'image.3740.jpg', 'image.3739.jpg', 'image.3745.jpg', 'image.3742.jpg', 'image.3741.jpg', 'image.3743.jpg', 'image.3747.jpg', 'image.3748.jpg']","[0.22950665097778536, 0.22371252309288855, 0.2222608712804457, 0.21704735128333652, 0.2123042510730897, 0.21136947184945662, 0.20993321244319954, 0.207042165515415, 0.20311249229312822, 0.19484620664618627]",کورس رقابت,target phrase,<>
fa,118,"['image.2778.png', 'image.3757.png', 'image.3753.jpg', 'image.3752.jpg', 'image.3750.jpg', 'image.3749.jpg', 'image.3756.jpg', 'image.3754.jpg', 'image.3751.jpg', 'image.3755.jpg']","[0.24939758321260916, 0.24138508088078375, 0.2393313472481963, 0.238393376489961, 0.23388224677408193, 0.21953170116474513, 0.21891994161678466, 0.2128970356580103, 0.2119791012605793, 0.1985276288798715]",روی‎ اتم,target phrase,<>
fa,119,"['image.3761.png', 'image.3759.jpg', 'image.3760.png', 'image.3765.jpg', 'image.3766.png', 'image.3758.jpg', 'image.3764.jpg', 'image.2850.jpg', 'image.3762.jpg', 'image.3763.jpg']","[0.24582026198344936, 0.24576442308665203, 0.22510900250864363, 0.22198023026105024, 0.2207050976865248, 0.2163537127830568, 0.2089932667671577, 0.2077155378638156, 0.20640479042136167, 0.20588557873709648]",دوی ماراتن,target phrase,<>
fa,120,"['image.1215.jpg', 'image.3772.jpg', 'image.3767.jpg', 'image.3773.jpg', 'image.3769.png', 'image.3774.jpg', 'image.3771.jpg', 'image.3768.jpg', 'image.3775.jpg', 'image.3770.jpg']","[0.2725159149144686, 0.2649389076280898, 0.2587178233074364, 0.24993048030111467, 0.2467711987200286, 0.2423384572368105, 0.2273184540015686, 0.2242948966206273, 0.2047134583432295, 0.1984216185314038]",ستارگان ترازو,target phrase,<>
fa,121,"['image.3784.jpg', 'image.3781.jpg', 'image.3776.jpg', 'image.3785.jpg', 'image.3780.jpg', 'image.3782.jpg', 'image.3783.jpg', 'image.3777.png', 'image.3779.jpg', 'image.3778.jpg']","[0.2505270892301459, 0.2443346701581251, 0.24355478117757579, 0.23973497320874199, 0.23737282235651885, 0.23720648969633285, 0.2262266426875648, 0.22562756585985005, 0.21354659421043087, 0.20901759992679503]",دکمه کلیک,target phrase,<>
fa,122,"['image.3146.jpg', 'image.3786.jpg', 'image.2845.jpg', 'image.3147.jpg', 'image.3140.jpg', 'image.3143.jpg', 'image.3148.png', 'image.3144.jpg', 'image.3145.jpg', 'image.761.jpg']","[0.27869567897250397, 0.26630987485597746, 0.2657464553755888, 0.2351407073289322, 0.23478804392998553, 0.2330593476045369, 0.22432459758975357, 0.2205054274685279, 0.22026552263260882, 0.20374466282698628]",کره اسب,target phrase,<>
fa,123,"['image.3794.jpg', 'image.3796.jpg', 'image.3789.jpg', 'image.3795.jpg', 'image.3788.jpg', 'image.3791.jpg', 'image.3793.jpg', 'image.3787.jpg', 'image.3792.jpg', 'image.3790.jpg']","[0.2698710521672709, 0.2636980932839434, 0.25351997030385776, 0.23697804176208137, 0.23307045629776618, 0.231173460873669, 0.23037016315791803, 0.22986516456985773, 0.22493025111255974, 0.217517606879878]",فانوس ساحل,target phrase,<>
fa,124,"['image.3799.jpg', 'image.3805.jpg', 'image.3802.png', 'image.3800.jpg', 'image.3798.png', 'image.3806.jpg', 'image.3803.jpg', 'image.3797.jpg', 'image.3804.jpg', 'image.3801.jpg']","[0.23391191815849496, 0.23167554637538082, 0.22855096047315454, 0.22664709804189218, 0.2231139456493447, 0.22073457831657317, 0.21919500188174273, 0.2189608378146668, 0.20686122672929685, 0.20645816885217133]",نصب اپرا,target phrase,<>
fa,125,"['image.3810.jpg', 'image.3808.jpg', 'image.3814.jpg', 'image.3809.jpg', 'image.3813.jpg', 'image.3815.jpg', 'image.3807.jpg', 'image.3816.jpg', 'image.3811.jpg', 'image.3812.jpg']","[0.29094867259076107, 0.25842418667568273, 0.2538457302182303, 0.24472841070961748, 0.23222451120858772, 0.2298064377535743, 0.21425305705127853, 0.21267413772528831, 0.19913196359364882, 0.1941303959317988]",پارک خودرو,target phrase,<>
fa,126,"['image.3826.jpg', 'image.3819.jpg', 'image.3820.jpg', 'image.3822.jpg', 'image.3823.jpg', 'image.3818.jpg', 'image.3821.jpg', 'image.3817.jpg', 'image.3825.jpg', 'image.3824.jpg']","[0.22914212548731488, 0.21996769125282448, 0.2197398805589267, 0.21427043723207995, 0.2054671390093246, 0.20541263455269906, 0.20234323412149458, 0.19372490618082128, 0.19066272603512435, 0.18774569538094288]",مالت جوانه,target phrase,<>
fa,127,"['image.3830.jpg', 'image.2948.jpg', 'image.3833.jpg', 'image.3835.jpg', 'image.3827.jpg', 'image.3829.jpg', 'image.3832.jpg', 'image.3834.jpg', 'image.3831.png', 'image.3828.jpg']","[0.2749065604734774, 0.25209360128150815, 0.24939795262440972, 0.2345409085868651, 0.2055467786840405, 0.19319813382756734, 0.1777082691670976, 0.1765930684604982, 0.17501044635352367, 0.16198123132543876]",نی نوشیدن,target phrase,<>
fa,128,"['image.975.jpg', 'image.3840.jpg', 'image.3035.png', 'image.3041.jpg', 'image.3039.jpg', 'image.3037.jpg', 'image.3839.jpg', 'image.3837.jpg', 'image.3838.jpg', 'image.3836.jpg']","[0.2536648541174768, 0.24573924186393084, 0.24210603475599649, 0.2419900346089877, 0.22404405380090708, 0.22030967921443528, 0.20383413359659178, 0.20236838098997545, 0.20059368749164613, 0.19158095079088303]",دمای جوش,target phrase,<>
fa,129,"['image.3845.jpg', 'image.3848.jpg', 'image.3850.jpg', 'image.3841.jpg', 'image.3849.jpg', 'image.3846.jpg', 'image.3843.jpg', 'image.3847.jpg', 'image.3844.jpg', 'image.3842.jpg']","[0.2511491685895758, 0.24474541780262557, 0.2381744166456494, 0.23772490373475658, 0.2229645214836874, 0.21596958826642848, 0.2119273346867026, 0.21090568969996218, 0.20880338614548583, 0.2073320875633388]",گرده پودر,target phrase,<>
fa,130,"['image.3854.jpg', 'image.3140.jpg', 'image.3147.jpg', 'image.3853.jpg', 'image.1342.jpg', 'image.3856.jpg', 'image.3852.jpg', 'image.3851.jpg', 'image.2793.jpg', 'image.3855.jpg']","[0.30478337652063825, 0.2610373481801677, 0.25923429701175454, 0.22653498031027508, 0.21121686910641665, 0.20349506067588408, 0.20203155629330874, 0.1994937607583589, 0.1924112467008813, 0.18914733705960496]",شیر پرچرب,target phrase,<>
fa,131,"['image.3860.png', 'image.3861.jpg', 'image.3862.png', 'image.3864.jpg', 'image.3859.jpg', 'image.3857.jpg', 'image.3865.jpg', 'image.3866.png', 'image.3858.png', 'image.3863.jpg']","[0.24721281306457324, 0.24469057569784264, 0.24424522820801145, 0.23905029380576848, 0.2306510383495413, 0.23004139744096372, 0.21376021629136305, 0.21372848323305113, 0.21252534361832212, 0.2013638023825392]",ستاره مشاهیر,target phrase,<>
fa,132,"['image.3875.png', 'image.3876.png', 'image.3868.jpg', 'image.3870.png', 'image.3874.png', 'image.3867.jpg', 'image.3872.png', 'image.3873.jpg', 'image.3871.png', 'image.3869.jpg']","[0.25185610500838873, 0.24139680275909042, 0.2301087174041029, 0.2256340255491763, 0.2201558019957324, 0.2197051366168625, 0.21861809505689117, 0.21459669143612803, 0.21203687474322816, 0.20616488205365807]",ریتم دایره,target phrase,<>
fa,133,"['image.3877.jpg', 'image.3880.jpg', 'image.3881.jpg', 'image.3882.jpg', 'image.3885.jpg', 'image.3879.jpg', 'image.3878.jpg', 'image.3886.jpg', 'image.3883.jpg', 'image.3884.jpg']","[0.25476246387900425, 0.23403713472989143, 0.23033594717983072, 0.22552259413947684, 0.22510415824150157, 0.2226100186366251, 0.2165826741298181, 0.2163868253298743, 0.21038453149438938, 0.1962430176990914]",باز شیمی,target phrase,<>
fa,134,"['image.3888.jpg', 'image.3894.png', 'image.3893.png', 'image.3892.png', 'image.3895.png', 'image.3889.png', 'image.3896.png', 'image.3890.jpg', 'image.3891.jpg', 'image.3887.jpg']","[0.27796990455361753, 0.26587466506859386, 0.2600824580637483, 0.2557270516838146, 0.2545125084476591, 0.24741970708275535, 0.2474196927518786, 0.20206716022750615, 0.2016787298800374, 0.19073003381230566]",دلتای ریاضی,target phrase,<>
fa,135,"['image.3898.png', 'image.3902.png', 'image.3897.jpg', 'image.3901.jpg', 'image.3900.jpg', 'image.3904.jpg', 'image.3905.png', 'image.3899.jpg', 'image.3903.jpg', 'image.3906.jpg']","[0.294345016120829, 0.22991948125315828, 0.22430835639766625, 0.21518507310838836, 0.21282688698290025, 0.21073277058271372, 0.2092686622347052, 0.2060085579605498, 0.18988133142321476, 0.18083720201294848]",کشور چک,target phrase,<>
fa,136,"['image.3913.JPG', 'image.3909.jpg', 'image.3916.jpg', 'image.3912.jpg', 'image.3915.jpg', 'image.3908.jpg', 'image.3911.jpg', 'image.3907.jpg', 'image.3914.jpg', 'image.3910.jpg']","[0.23993689240561605, 0.23397797333020842, 0.22579930991034472, 0.2237677383327929, 0.22228394849557426, 0.2222777388091714, 0.22166031874290754, 0.218203901916604, 0.21244506959593118, 0.20310000693236627]",باز شکاری,target phrase,<>
fa,137,"['image.3919.jpg', 'image.3925.jpg', 'image.2898.jpg', 'image.3923.jpg', 'image.3922.jpg', 'image.3917.jpg', 'image.3918.jpg', 'image.3921.png', 'image.3920.jpg', 'image.3924.png']","[0.23202903585954957, 0.21533031018636364, 0.21338033844936044, 0.21092930319655753, 0.20912716669901268, 0.1993976835005158, 0.19746549995356644, 0.19099373006773665, 0.18406307629781166, 0.18081614546008787]",حمله دشمن,target phrase,<>
fa,138,"['image.3931.jpg', 'image.3935.jpg', 'image.3930.jpg', 'image.3932.jpg', 'image.3933.jpg', 'image.3926.jpg', 'image.3934.jpg', 'image.3927.jpg', 'image.3928.jpg', 'image.3929.png']","[0.24432392940045825, 0.23078840169305415, 0.22804860230001794, 0.2214100024970727, 0.22088662132016576, 0.22052839260447943, 0.2183915531059455, 0.20393916840280032, 0.19941735212521786, 0.19910315480828608]",رقص باله,target phrase,<>
fa,139,"['image.3573.jpg', 'image.3572.jpg', 'image.3937.jpg', 'image.3167.jpg', 'image.3171.jpg', 'image.3936.jpg', 'image.3939.jpg', 'image.2286.jpg', 'image.3940.jpg', 'image.3938.jpg']","[0.22782790879654785, 0.21322055457295092, 0.21269057156451687, 0.21182890529499504, 0.20944853431186586, 0.20795233934715765, 0.20484412480391384, 0.20058369175160437, 0.20037478471930012, 0.19045154774990783]",مهره رزوه,target phrase,<>
fa,140,"['image.3949.jpg', 'image.3945.jpg', 'image.3946.jpg', 'image.3944.jpg', 'image.3942.jpg', 'image.3772.jpg', 'image.3943.jpg', 'image.3947.jpg', 'image.3948.jpg', 'image.3941.jpg']","[0.24921284780487654, 0.22406915553072987, 0.2208165624119178, 0.21721671508450935, 0.21420523598585198, 0.2115863330010335, 0.21134219537023208, 0.20626741479909108, 0.20432867037863162, 0.19900254933746475]",فضای خصوصی,target phrase,<>
fa,141,"['image.3951.jpg', 'image.3956.jpg', 'image.3955.jpg', 'image.3952.jpg', 'image.3954.jpg', 'image.3950.jpg', 'image.3953.jpg', 'image.3957.png', 'image.3958.jpg', 'image.3959.jpg']","[0.2551406693863437, 0.24762460375427148, 0.24263731409266923, 0.23908575785596498, 0.23454996078294651, 0.23270715853449866, 0.21460281578192034, 0.2035662540058412, 0.20332928011011248, 0.18791939861164952]",تلمبه چاه,target phrase,<>
fa,142,"['image.3962.jpg', 'image.3966.jpg', 'image.3964.jpg', 'image.3965.png', 'image.3963.jpg', 'image.3969.jpg', 'image.3967.jpg', 'image.3961.jpg', 'image.3968.jpg', 'image.3960.jpg']","[0.27049513473109604, 0.2423575947679401, 0.24153018088889902, 0.22538122869782565, 0.22225055649554526, 0.21566264453940862, 0.2144790729054789, 0.21118013660557855, 0.20282502602622826, 0.20190800417226534]",زنگ مدرسه,target phrase,<>
fa,143,"['image.3978.jpg', 'image.3972.jpg', 'image.3977.jpg', 'image.3974.jpg', 'image.3975.jpg', 'image.3973.jpg', 'image.3979.jpg', 'image.3971.jpg', 'image.3976.jpg', 'image.3970.jpg']","[0.2886305326110631, 0.2764395350096847, 0.2657019694553248, 0.24521998081328425, 0.2146157357289569, 0.21074519053436036, 0.18890394219980997, 0.1781157403344261, 0.17370474206592906, 0.16526984757820176]",لب دریا,target phrase,<>
fa,144,"['image.3985.jpg', 'image.3982.jpg', 'image.3981.png', 'image.3984.png', 'image.3980.jpg', 'image.3989.jpg', 'image.3986.jpg', 'image.3983.png', 'image.3988.jpg', 'image.3987.jpg']","[0.25174857153239416, 0.24466682438589527, 0.2407255303528878, 0.23471671448719753, 0.22627350014077194, 0.2139849022039689, 0.20842043076051223, 0.20169101526868238, 0.2011576722571353, 0.18762312923659133]",میدان چهارراه,target phrase,<>
fa,145,"['image.3991.jpg', 'image.3998.jpg', 'image.3996.jpg', 'image.3993.jpg', 'image.3992.jpg', 'image.3995.jpg', 'image.3990.jpg', 'image.3994.jpg', 'image.3999.jpg', 'image.3997.jpg']","[0.24062406207898565, 0.21285426121806442, 0.21202491785552272, 0.21098636152192163, 0.20453019754519888, 0.19039103215794329, 0.18835516342342729, 0.18013485487715844, 0.16196221617789763, 0.1608044039053258]",جرم قضایی,target phrase,<>
fa,146,"['image.4001.png', 'image.2940.jpg', 'image.4000.jpg', 'image.2946.jpg', 'image.2945.jpg', 'image.2552.jpg', 'image.2943.jpg', 'image.2944.jpg', 'image.2942.jpg', 'image.2941.jpg']","[0.26676141767473094, 0.2581221462022726, 0.2579019577603915, 0.2171424076722656, 0.2117492276406919, 0.208357119907856, 0.19575944911923968, 0.19159142799875287, 0.1865876296677873, 0.17662074056284724]",عرق سگی,target phrase,<>
fa,147,"['image.4004.jpg', 'image.4002.jpg', 'image.4003.jpg', 'image.4006.jpg', 'image.3680.jpg', 'image.3675.jpg', 'image.3676.jpg', 'image.3678.jpg', 'image.4005.jpg', 'image.3684.jpg']","[0.24981486864255206, 0.23762651042988933, 0.23101004522235316, 0.22918105979468079, 0.22130726002439496, 0.21073931346675273, 0.21042788631415416, 0.20758772725125257, 0.20509533181107661, 0.20049010393088276]",سنت دینی,target phrase,<>
fa,148,"['image.3736.jpg', 'image.3732.jpg', 'image.3735.jpg', 'image.3513.jpg', 'image.4008.jpg', 'image.4007.jpg', 'image.4012.jpg', 'image.4009.jpg', 'image.4010.png', 'image.4011.jpg']","[0.2835347240489146, 0.28126234328905114, 0.26862881178004683, 0.22930492383669157, 0.21948228892976113, 0.21583193932678932, 0.21267289623407146, 0.20522720214483176, 0.20299169664488462, 0.17267696672671165]",حلال اسلامی,target phrase,<>
fa,149,"['image.4016.jpg', 'image.120.jpg', 'image.4017.jpg', 'image.4015.jpg', 'image.4021.png', 'image.4020.jpg', 'image.4018.jpg', 'image.4019.jpg', 'image.4014.jpg', 'image.4013.jpg']","[0.23699404576768576, 0.23032373944141746, 0.22635765548979325, 0.2249288385868823, 0.22281912908848642, 0.22072264806100994, 0.22030181310380012, 0.21962150311775377, 0.21872512563173815, 0.20799029741338676]",پیچ رولپلاک,target phrase,<>
fa,150,"['image.4031.jpg', 'image.4025.jpg', 'image.4026.jpg', 'image.4027.jpg', 'image.4029.jpg', 'image.4023.png', 'image.4024.jpg', 'image.4030.jpg', 'image.4028.png', 'image.4022.jpg']","[0.24583339205016874, 0.2225247934936974, 0.2221715720090412, 0.2216773254997969, 0.21868884755156265, 0.2093802956583866, 0.20932306683885496, 0.20130449101953535, 0.19972852633238591, 0.18991256863698283]",تولد یک تازه وارد,target phrase,<>
fa,151,"['image.4037.jpg', 'image.2935.jpg', 'image.1039.jpg', 'image.4035.jpg', 'image.4036.jpg', 'image.4032.jpg', 'image.2933.jpg', 'image.4034.jpg', 'image.2970.jpg', 'image.4033.jpg']","[0.2803793093607427, 0.26769784365414984, 0.2557636299510098, 0.24909436984464906, 0.24653899013035446, 0.22735349640856392, 0.2254866273004331, 0.21967789440764152, 0.2156680191799368, 0.21519036752040485]",شیشه مخدر,target phrase,<>
fa,152,"['image.4042.jpg', 'image.4045.jpg', 'image.4044.jpg', 'image.4046.jpg', 'image.4039.jpg', 'image.4047.jpg', 'image.4041.jpg', 'image.4043.png', 'image.4040.jpeg', 'image.4038.jpg']","[0.2223822201433271, 0.22103460088682314, 0.21518658663455426, 0.21512583601284563, 0.21056610350468064, 0.20936771385904684, 0.20126061463133005, 0.1995424288556012, 0.19833240322973472, 0.1942237022954857]",پست و دون,target phrase,<>
fa,153,"['image.4049.jpg', 'image.4056.jpg', 'image.2778.png', 'image.4051.jpg', 'image.4055.jpg', 'image.4050.jpg', 'image.4054.jpg', 'image.4048.jpg', 'image.4053.jpg', 'image.4052.jpg']","[0.2599181669160959, 0.25762997956716766, 0.25572072540071294, 0.2505904182357358, 0.24437342134117054, 0.23027755972287825, 0.2297185829293142, 0.22612870585255201, 0.22101563473924898, 0.20881614460779238]",پیوند اتمی,target phrase,<>
fa,154,"['image.4057.jpg', 'image.4058.jpg', 'image.4062.jpg', 'image.4061.jpg', 'image.2984.jpg', 'image.4060.jpg', 'image.4059.jpg', 'image.4064.jpg', 'image.4063.jpg', 'image.3017.jpg']","[0.23216536199563265, 0.2164372148355236, 0.21354711353484596, 0.20841848587752299, 0.20690190007839138, 0.20435930711934625, 0.20424334624061677, 0.20086488748257875, 0.19954426613226436, 0.19653900565173338]",لنگ تلوتلو خوردن,target phrase,<>
fa,155,"['image.4069.jpg', 'image.4073.jpg', 'image.4070.jpg', 'image.4072.jpg', 'image.4067.jpg', 'image.4068.jpg', 'image.1287.jpg', 'image.4071.jpg', 'image.4066.jpg', 'image.4065.jpg']","[0.22288310658861782, 0.22095847314323316, 0.2194563219019852, 0.21774883279972782, 0.21495086843903105, 0.21365606161498324, 0.20953577732417958, 0.20409078041325923, 0.1988194446485706, 0.19624429992082645]",آفت شور,target phrase,<>
fa,156,"['image.4079.jpg', 'image.4074.jpg', 'image.4081.jpg', 'image.4083.jpg', 'image.4077.jpg', 'image.4080.jpg', 'image.4078.jpg', 'image.4082.jpg', 'image.4075.jpg', 'image.4076.jpg']","[0.28037120031603496, 0.26865777791198164, 0.26059968342027795, 0.22745990684047926, 0.21491184072992411, 0.21313226866018514, 0.2109809588347979, 0.20973855750346232, 0.197969582723994, 0.19647580769878004]",خال گوشتی,target phrase,<>
fa,157,"['image.4089.png', 'image.4090.png', 'image.4085.png', 'image.4084.jpg', 'image.3539.jpg', 'image.4086.jpg', 'image.4092.png', 'image.4088.jpg', 'image.4091.jpg', 'image.4087.jpg']","[0.26073803582540106, 0.25285720788938404, 0.2388566824299269, 0.22406410067163274, 0.22243953677626865, 0.21976210726247827, 0.219669379935667, 0.20740302746294279, 0.20685553406642096, 0.20563478937273658]",مبنای ده,target phrase,<>
fa,158,"['image.4096.jpg', 'image.4100.jpg', 'image.4101.jpg', 'image.4093.jpg', 'image.4095.jpg', 'image.4099.jpg', 'image.4094.jpg', 'image.4097.jpg', 'image.4098.jpg', 'image.4102.jpg']","[0.23804124022010098, 0.23331971364071286, 0.22869067939420903, 0.22278926071509336, 0.21981499595828763, 0.21759850996508498, 0.21717609002995908, 0.20923859567839737, 0.20567118208165924, 0.2009973451930006]",تخم ریحان,target phrase,<>
fa,159,"['image.4109.jpg', 'image.4106.jpg', 'image.2371.jpg', 'image.4105.jpg', 'image.327.jpg', 'image.4107.jpg', 'image.4103.jpg', 'image.4108.jpg', 'image.3596.jpg', 'image.4104.jpg']","[0.2746228364200243, 0.24986185695492494, 0.23625245658461558, 0.23519266539881842, 0.22818594585923446, 0.2118647473928481, 0.20409047792759819, 0.20007268545031656, 0.1938296266892618, 0.18339537113608276]",قرص نان,target phrase,<>
fa,160,"['image.3866.png', 'image.4118.png', 'image.4111.jpg', 'image.4113.jpg', 'image.4115.jpg', 'image.4116.jpg', 'image.4117.jpg', 'image.4114.jpg', 'image.4110.jpg', 'image.4112.jpg']","[0.2943112891356599, 0.2878009291639428, 0.24127859214515682, 0.2268707979356488, 0.2181458227664062, 0.19830656365513072, 0.19661298063637989, 0.19035357528403615, 0.1759580366788242, 0.16903770259758466]",چین پارچه,target phrase,<>
fa,161,"['image.4128.jpg', 'image.4123.jpg', 'image.4127.jpg', 'image.4124.jpg', 'image.4119.jpg', 'image.4126.jpg', 'image.4120.jpg', 'image.4125.jpg', 'image.4122.jpg', 'image.4121.jpg']","[0.23593017800469818, 0.23544331177960107, 0.22380475459946356, 0.21814565717348794, 0.21754300181534034, 0.21532079019219919, 0.21078232994569965, 0.20624399364114443, 0.20612487762497675, 0.19985459843296616]",قوس تخلیه,target phrase,<>
fa,162,"['image.4136.jpg', 'image.4133.jpg', 'image.4134.jpg', 'image.4131.jpg', 'image.4129.jpg', 'image.4132.jpg', 'image.4135.jpg', 'image.4137.jpg', 'image.4130.jpg', 'image.4138.jpg']","[0.2302216117842986, 0.22592453261859294, 0.22458553407908605, 0.22397795303434548, 0.22208880617562352, 0.22131118551592133, 0.22086710222872194, 0.21600590866706046, 0.20779215337713652, 0.20497542870500737]",مارس میلادی,target phrase,<>
fa,163,"['image.3493.png', 'image.4143.jpg', 'image.4147.png', 'image.4140.jpg', 'image.4144.jpg', 'image.4141.jpg', 'image.4139.jpg', 'image.4146.jpg', 'image.4142.jpg', 'image.4145.jpg']","[0.26892374460205387, 0.26215566919695515, 0.25664944519579364, 0.254441170769368, 0.2537495153822203, 0.24410325204607455, 0.23990018435990104, 0.23912084899789152, 0.22691895782505891, 0.22372490774589998]",مدرس هندوستان,target phrase,<>
fa,164,"['image.3386.jpg', 'image.4155.jpg', 'image.4153.jpg', 'image.4150.jpg', 'image.4149.jpg', 'image.4151.jpg', 'image.4148.jpg', 'image.4156.jpg', 'image.4152.jpg', 'image.4154.jpg']","[0.28980245829946005, 0.27132930900607105, 0.2663889286818189, 0.25074484299014876, 0.2285229748658929, 0.2253657216753739, 0.22175788369860241, 0.21348293901760482, 0.20732821524285083, 0.20680743582097783]",مدل عکاسی,target phrase,<>
fa,165,"['image.4164.jpg', 'image.4157.jpg', 'image.4160.jpg', 'image.4163.jpg', 'image.4158.jpg', 'image.4162.jpg', 'image.4165.jpg', 'image.4161.jpg', 'image.4159.jpg', 'image.46.jpg']","[0.24413630205552422, 0.2336805888291084, 0.23357168204782716, 0.23065918160776253, 0.22537110197180918, 0.2241696375482293, 0.22246202528468842, 0.21793661155215396, 0.2165696770114623, 0.19051437546668118]",ساز سنج,target phrase,<>
fa,166,"['image.4171.jpg', 'image.4174.jpg', 'image.4175.jpg', 'image.4167.jpg', 'image.4166.jpg', 'image.4172.jpg', 'image.4173.jpg', 'image.4169.jpg', 'image.4168.jpg', 'image.4170.png']","[0.27364357529647965, 0.25174904762160666, 0.24961358580420717, 0.248601011662447, 0.2391900749318248, 0.2311306323582014, 0.22776474319747061, 0.22690959753055495, 0.2266935976672426, 0.20922180088402662]",عاج دندان,target phrase,<>
fa,167,"['image.4179.jpg', 'image.4185.jpg', 'image.4178.jpg', 'image.4181.png', 'image.4183.jpg', 'image.4177.png', 'image.4176.jpg', 'image.4182.jpg', 'image.4184.jpg', 'image.4180.jpg']","[0.2723317894696057, 0.27107316962156236, 0.25540588957567073, 0.2486280912718175, 0.2189090954013774, 0.21872681963908217, 0.20951910414315067, 0.20239007298208783, 0.20175845475764737, 0.18459111570724204]",سلول انفرادی,target phrase,<>
fa,168,"['image.3396.jpg', 'image.3399.jpg', 'image.3395.jpg', 'image.3391.png', 'image.3398.jpg', 'image.3397.jpg', 'image.3394.jpg', 'image.3393.jpg', 'image.3400.jpg', 'image.3392.jpg']","[0.2635584657870844, 0.25482578225088776, 0.23548006610822397, 0.22435827437923295, 0.21997034599081786, 0.20864332137527744, 0.20229202030129015, 0.17579135343703775, 0.17576468014842664, 0.1718709332708599]",کشتی‎ شناور,target phrase,<>
fa,169,"['image.4189.jpg', 'image.3945.jpg', 'image.3620.jpg', 'image.4190.jpg', 'image.4191.jpg', 'image.4192.jpg', 'image.4188.jpg', 'image.4186.jpg', 'image.4193.jpg', 'image.4187.jpg']","[0.22565804532962078, 0.2253316499839298, 0.2245086343480505, 0.22027292885351937, 0.21913265642733482, 0.217859774632337, 0.21295523705426425, 0.21218419306371947, 0.20870645908753926, 0.20765769015055097]",گونيا راه شیری,target phrase,<>
fa,170,"['image.4203.png', 'image.4198.png', 'image.4200.png', 'image.4195.png', 'image.4194.jpg', 'image.4196.jpg', 'image.4199.jpg', 'image.4201.jpg', 'image.4197.jpg', 'image.4202.jpg']","[0.2346196672846302, 0.23025656462996608, 0.2250760741262932, 0.2141836158943155, 0.208587585935704, 0.19851849348517064, 0.19775320318244882, 0.1952875874078667, 0.19300272841395402, 0.18669817729114432]",ميدان فیزیکی,target phrase,<>
fa,171,"['image.4204.jpg', 'image.4209.jpg', 'image.4210.jpg', 'image.4207.jpg', 'image.4206.jpg', 'image.3241.jpg', 'image.4211.jpg', 'image.4205.jpg', 'image.3245.jpg', 'image.4208.jpg']","[0.2348668739196556, 0.23431203907113876, 0.22749172260550074, 0.2252441580287102, 0.2190696810663424, 0.21509218625230017, 0.2094241861550109, 0.2075000270223531, 0.19994275523397254, 0.17877531448898812]",شکست نور,target phrase,<>
fa,172,"['image.2970.jpg', 'image.4212.jpg', 'image.4214.jpg', 'image.2968.jpg', 'image.2969.jpg', 'image.2974.jpg', 'image.2976.jpg', 'image.4213.jpg', 'image.2796.jpg', 'image.2971.jpg']","[0.23727657153397758, 0.22828658483613662, 0.22823682124691924, 0.22823682124691924, 0.21877118967075285, 0.21219696112356387, 0.20867015782777731, 0.19908116897353678, 0.19712996841992617, 0.18394735612241056]",بوی عود,target phrase,<>
fa,173,"['image.4223.png', 'image.4218.jpg', 'image.4220.png', 'image.4222.png', 'image.4215.png', 'image.4217.jpg', 'image.3213.png', 'image.4216.jpg', 'image.4219.jpg', 'image.4221.jpg']","[0.30718192055112414, 0.2834674555601383, 0.2582790895081899, 0.23221905144381538, 0.21896589684385853, 0.21404732630727827, 0.2073119422490258, 0.19589601394814085, 0.1921987230226025, 0.16693371910245589]",هرم مصر,target phrase,<>
fa,174,"['image.4225.jpg', 'image.4226.jpg', 'image.4228.jpg', 'image.4233.jpg', 'image.4230.jpg', 'image.4232.jpg', 'image.4231.jpg', 'image.4227.jpg', 'image.4224.jpg', 'image.4229.jpg']","[0.27841989495840497, 0.2667187060252928, 0.26287392711353696, 0.25012386023935707, 0.20948862056467993, 0.20809636751106234, 0.20661785060387372, 0.20439428464807002, 0.20350501310153382, 0.1951352218251833]",كوبه در,target phrase,<>
fa,175,"['image.1199.jpg', 'image.4240.jpg', 'image.4238.jpg', 'image.4236.jpg', 'image.1016.jpg', 'image.3873.jpg', 'image.4235.jpg', 'image.4234.jpg', 'image.4239.jpg', 'image.4237.jpg']","[0.21990750765638206, 0.21132758380319155, 0.20942989516569724, 0.20829577383099196, 0.20680199732059662, 0.20185365052229715, 0.19534711044844402, 0.1947425402590144, 0.18958157072878762, 0.18642374445449428]",سیم و زر,target phrase,<>
fa,176,"['image.4244.jpg', 'image.3044.jpg', 'image.3047.jpg', 'image.4242.jpg', 'image.4243.jpg', 'image.4241.jpg', 'image.4245.jpg', 'image.4247.jpg', 'image.4246.jpg', 'image.4248.jpg']","[0.2220195544807931, 0.2131412717027704, 0.21243826484766157, 0.21043225172985228, 0.20763485061572337, 0.20551206602727384, 0.2046546273815945, 0.2022201603731681, 0.19746549012350645, 0.19356488924378668]",لوت دشت,target phrase,<>
fa,177,"['image.4253.jpg', 'image.4256.jpg', 'image.4250.jpg', 'image.4251.jpg', 'image.4255.jpg', 'image.4252.jpg', 'image.4257.jpg', 'image.4254.jpg', 'image.4249.png', 'image.1359.jpg']","[0.2971483350195561, 0.28238192549531865, 0.27652149328584635, 0.2690792147022347, 0.26633530953388657, 0.2599253162092714, 0.2332217009773838, 0.21798516865602421, 0.2137200388809578, 0.19212556254103044]",قلعه رخ,target phrase,<>
fa,178,"['image.3687.jpg', 'image.4262.jpg', 'image.2728.jpg', 'image.4261.jpg', 'image.4258.jpg', 'image.3694.jpg', 'image.4260.jpg', 'image.4259.jpg', 'image.3692.jpg', 'image.4263.jpg']","[0.23811303493282523, 0.200703632154392, 0.1999883732324305, 0.19824676168152602, 0.19622375457207186, 0.1959614438806803, 0.19082268693910162, 0.19012385084271333, 0.1818131833215876, 0.17909354848334305]",روی چهره,target phrase,<>
fa,179,"['image.4272.jpg', 'image.4268.png', 'image.4264.jpg', 'image.4270.jpg', 'image.4265.jpg', 'image.4271.jpg', 'image.4269.jpg', 'image.4267.jpg', 'image.4273.jpg', 'image.4266.jpg']","[0.2781670481431318, 0.2492923289769474, 0.24734808133826774, 0.24411950363805984, 0.23927341266927896, 0.238206015944524, 0.2247371786453135, 0.2229705334970421, 0.22125535964233123, 0.20931425277192162]",ذوب یخچال,target phrase,<>
fa,180,"['image.4280.jpg', 'image.4278.jpg', 'image.4281.jpg', 'image.4277.jpg', 'image.2325.jpg', 'image.2738.jpg', 'image.4274.jpg', 'image.4276.jpg', 'image.4275.jpg', 'image.4279.jpg']","[0.24905344256989517, 0.2173052307868077, 0.20499308198616678, 0.20343416821744306, 0.19298673486352239, 0.19125539360524765, 0.1910625736016426, 0.1886880852799404, 0.18339913134627933, 0.17420460455909798]",اصلاح مو,target phrase,<>
fa,181,"['image.4285.jpg', 'image.4291.jpg', 'image.4283.jpg', 'image.4289.jpg', 'image.4290.jpg', 'image.4282.jpg', 'image.4284.jpg', 'image.4286.jpg', 'image.4287.jpg', 'image.4288.jpg']","[0.23522483553115742, 0.2298570536653191, 0.22399037647975822, 0.215702538621318, 0.2103411664528847, 0.20446828355816973, 0.2029599779059271, 0.20151256280590574, 0.17675373601492791, 0.16727530773954782]",موسیقی پاپ,target phrase,<>
fa,182,"['image.4300.png', 'image.4296.png', 'image.4297.png', 'image.4298.png', 'image.4293.jpg', 'image.4295.png', 'image.3214.png', 'image.4299.png', 'image.4292.png', 'image.4294.png']","[0.2745131508949836, 0.2694649746115978, 0.26837136436473913, 0.2670654192510979, 0.2659558630185493, 0.2601417402153592, 0.2594712130558386, 0.2590049538583792, 0.25520838037524746, 0.25469668969730985]",مربع عدد,target phrase,<>
fa,183,"['image.4305.jpg', 'image.4302.jpg', 'image.4303.jpg', 'image.4309.jpg', 'image.4005.jpg', 'image.4304.jpg', 'image.4301.jpg', 'image.4308.jpg', 'image.4306.jpg', 'image.4307.jpg']","[0.21736515002683343, 0.21702036071830083, 0.21516979681923917, 0.2024862101041243, 0.2024862101041243, 0.20168004855575028, 0.1964888484106666, 0.19575885136775745, 0.19203046067224633, 0.191922241701239]",تره شاهی,target phrase,<>
fa,184,"['image.2794.jpg', 'image.4314.jpg', 'image.4310.jpg', 'image.4317.jpg', 'image.4312.jpg', 'image.4318.jpg', 'image.4315.jpg', 'image.4316.jpg', 'image.4313.jpg', 'image.4311.jpg']","[0.23710996324741376, 0.22968170299652738, 0.2273250005945274, 0.22571271665226988, 0.223464723514946, 0.22209043953603977, 0.21985547795249857, 0.21450486000732694, 0.2135566198078908, 0.21305390247336087]",رینگ بوکس,target phrase,<>
fa,185,"['image.4320.jpg', 'image.4323.jpg', 'image.4328.jpg', 'image.4319.jpg', 'image.4322.jpg', 'image.4325.jpg', 'image.4324.jpg', 'image.4326.jpg', 'image.4327.png', 'image.4321.jpg']","[0.24383205342543857, 0.24150400381510198, 0.2348441778831732, 0.22301981256030856, 0.220591992189012, 0.21489104551192167, 0.21024788193006042, 0.2086096800886367, 0.20666627198978163, 0.188374407529654]",دوش شانه,target phrase,<>
fa,186,"['image.4333.jpg', 'image.4336.jpg', 'image.4330.jpg', 'image.2390.jpg', 'image.4331.jpg', 'image.4335.jpg', 'image.4329.jpg', 'image.4332.jpg', 'image.4337.jpg', 'image.4334.jpg']","[0.2731086855360554, 0.261719322172587, 0.20855953190650175, 0.1917707536811739, 0.18984546247458642, 0.18976746354341897, 0.18658249467989496, 0.18575668536867773, 0.16405944690449584, 0.16268707668327798]",کشتی فرنگی,target phrase,<>
fa,187,"['image.2855.jpg', 'image.2854.png', 'image.2858.jpg', 'image.2853.jpg', 'image.2852.jpg', 'image.2860.jpg', 'image.2857.jpg', 'image.2859.jpg', 'image.2856.jpg', 'image.2861.jpg']","[0.2869723399984405, 0.27192574880062664, 0.2543729374089049, 0.24077885679831484, 0.23382862600845955, 0.23234597205486363, 0.23006731278432982, 0.22487758705071498, 0.2226320445802228, 0.21907842985215825]",کبک کانادا,target phrase,<>
fa,188,"['image.3854.jpg', 'image.4338.jpg', 'image.4339.jpg', 'image.4340.jpg', 'image.3853.jpg', 'image.1342.jpg', 'image.3856.jpg', 'image.3852.jpg', 'image.2793.jpg', 'image.3855.jpg']","[0.3036718551210401, 0.2598528010892465, 0.2541983949968555, 0.23906144878425054, 0.21934709090613144, 0.20516940210916004, 0.20367792337263688, 0.1956143581105917, 0.18545851039270303, 0.18071945346459697]",شیر پستان,target phrase,<>
fa,189,"['image.4349.jpg', 'image.4345.jpg', 'image.4344.jpg', 'image.4341.jpg', 'image.4343.jpg', 'image.4347.jpg', 'image.4346.jpg', 'image.4350.jpg', 'image.4342.jpg', 'image.4348.jpg']","[0.2418931283221245, 0.21866157004427902, 0.21657991267931415, 0.21578413570068924, 0.2157131584810824, 0.2088198505581556, 0.2018674896748239, 0.20149762764376725, 0.2011644532535818, 0.20063398714339792]",رسم تجسمی,target phrase,<>
fa,190,"['image.3854.jpg', 'image.3140.jpg', 'image.3147.jpg', 'image.3853.jpg', 'image.3852.jpg', 'image.1342.jpg', 'image.3855.jpg', 'image.3856.jpg', 'image.3851.jpg', 'image.2793.jpg']","[0.22790179166736316, 0.22095245224594692, 0.21645773771704513, 0.21217685072619946, 0.2080264646621487, 0.2062175659776095, 0.20176197814568853, 0.20170681333676893, 0.2014578496770241, 0.20066490743182838]",شير کم چرب,target phrase,<>
fa,191,"['image.3080.jpg', 'image.4358.jpg', 'image.4354.jpg', 'image.4357.jpg', 'image.4359.jpg', 'image.4352.jpg', 'image.4351.jpg', 'image.4356.jpg', 'image.4353.jpg', 'image.4355.jpg']","[0.2248404849500562, 0.22029283468154373, 0.21668715459606847, 0.21564423907474906, 0.21501046637666354, 0.21455081590639186, 0.21451980052282896, 0.21045186452837614, 0.2079017303658126, 0.19980305029056253]",كرم خاکی,target phrase,<>
fa,192,"['image.4366.jpg', 'image.4364.jpg', 'image.4367.jpg', 'image.4362.jpg', 'image.2283.jpg', 'image.4368.jpg', 'image.4361.jpg', 'image.4363.jpg', 'image.4365.png', 'image.4360.jpg']","[0.216410668392494, 0.21574890264328733, 0.21573042277801174, 0.21437052285939637, 0.21055616023125, 0.20010672046463057, 0.19878688672846945, 0.1949455911764775, 0.18810698318468405, 0.182256859781741]",لنز کنون,target phrase,<>
fa,193,"['image.4373.png', 'image.4371.jpg', 'image.3567.jpg', 'image.4372.jpg', 'image.4374.jpg', 'image.1298.jpg', 'image.3680.jpg', 'image.4369.jpg', 'image.4370.jpg', 'image.3677.jpg']","[0.2653873234433435, 0.24566379135466043, 0.2424016790825732, 0.23235040415555902, 0.23178540572795636, 0.22403613334639647, 0.2177526034516608, 0.2131292226801869, 0.21238371374140133, 0.2122103764774412]",شاهی تومان,target phrase,<>
fa,194,"['image.4375.jpg', 'image.4377.jpg', 'image.4378.jpg', 'image.4383.jpg', 'image.4376.jpg', 'image.4381.jpg', 'image.4384.jpg', 'image.4379.jpg', 'image.4380.jpg', 'image.4382.jpg']","[0.22981964663594606, 0.22844452349387218, 0.22611590866789374, 0.22420435882791465, 0.22320638438434387, 0.2173514274482911, 0.21673685741410356, 0.2161834346657337, 0.21010271314595627, 0.2057673351379151]",تیر و پرتابه,target phrase,<>
fa,195,"['image.3230.jpg', 'image.4386.jpg', 'image.3672.jpg', 'image.3667.jpg', 'image.4385.jpg', 'image.374.jpg', 'image.3669.jpg', 'image.3668.jpg', 'image.3673.jpg', 'image.3671.jpg']","[0.28017440197364113, 0.26131468607087216, 0.23887619712107885, 0.23733870181597405, 0.22602370715042966, 0.21609500463826914, 0.211238227513191, 0.20769383729550642, 0.20327723650815008, 0.20165220626699468]",شير جنگل,target phrase,<>
fa,196,"['image.4390.jpg', 'image.1733.jpg', 'image.4393.jpg', 'image.4394.jpg', 'image.4389.jpg', 'image.4392.jpg', 'image.948.jpg', 'image.4391.jpg', 'image.4388.jpg', 'image.4387.jpg']","[0.2685457972078049, 0.25871756417492664, 0.2544968260350916, 0.2512680865103082, 0.2508430688021992, 0.2506896931391101, 0.24130063538726113, 0.2394359804368971, 0.23498402553643216, 0.23130023700061936]",انقراض کلنگ,target phrase,<>
fa,197,"['image.3378.jpg', 'image.3375.jpg', 'image.3372.jpg', 'image.3374.jpg', 'image.3371.jpg', 'image.3377.png', 'image.3379.jpg', 'image.3376.jpg', 'image.3373.jpg', 'image.3380.png']","[0.2271530107607187, 0.22376064233973755, 0.22252599692397923, 0.2196257613029383, 0.21923453350279953, 0.2179456622830972, 0.21592474287243363, 0.20983674701899602, 0.20760831925071996, 0.20482197821368364]",شكارچي صور,target phrase,<>
fa,198,"['image.4401.jpg', 'image.814.jpg', 'image.4402.jpg', 'image.4395.jpg', 'image.4399.jpg', 'image.4396.jpg', 'image.4397.png', 'image.4398.jpg', 'image.4400.jpg', 'image.4403.png']","[0.22739808750932092, 0.22356159128167055, 0.21873071880207823, 0.2176150292289948, 0.21401827804213416, 0.20921671875569506, 0.20268789422797803, 0.2026804357719656, 0.20115217509520167, 0.1948518077097323]",پايتون سمی,target phrase,<>
fa,199,"['image.2775.jpg', 'image.4405.jpg', 'image.4407.jpg', 'image.4410.jpg', 'image.4050.jpg', 'image.4408.jpg', 'image.4409.jpg', 'image.4411.jpg', 'image.4404.jpg', 'image.4406.jpg']","[0.24953577117558984, 0.23230697328094055, 0.22857275702170504, 0.22712360601297746, 0.22625734786923885, 0.22014569678672302, 0.21777262678550166, 0.2166293134531089, 0.21191796278969127, 0.20546808919661183]",پیوند عضو,target phrase,<>
